elapsed_s,x_unit,y_unit,radius_unit,radial_error_unit
0.016,155.421875,329.0625,147.47021100807316,-2.5297889919268357
0.016,156.046875,331.0,147.2531907880628,-2.7468092119372045
0.016,156.75,332.921875,146.9843949319642,-3.0156050680357964
0.016,157.46875,334.875,146.73589489815538,-3.2641051018446205
0.016,158.125,336.796875,146.56918378283214,-3.430816217167859
0.094,158.71875,338.734375,146.4948579582339,-3.5051420417661063
0.094,159.28125,340.5,146.43092774944267,-3.5690722505573262
0.094,159.75,342.25,146.47568057530916,-3.5243194246908445
0.109,160.265625,345.0,146.8015516152354,-3.198448384764589
0.187,160.5625,346.78125,147.07583675713866,-2.92416324286134
0.219,160.921875,348.703125,147.3591505074634,-2.640849492536603
0.219,161.25,350.609375,147.69181202047264,-2.3081879795273608
0.219,161.578125,352.46875,148.03237890771777,-1.9676210922822293
0.297,162.109375,354.15625,148.14426710795502,-1.8557328920449834
0.297,162.625,355.828125,148.2857719608177,-1.7142280391823022
0.297,163.375,358.328125,148.5549083370039,-1.4450916629961057
0.297,163.796875,359.90625,148.7953293918466,-1.2046706081534069
0.297,164.34375,361.546875,148.96521737079473,-1.0347826292052673
0.328,164.96875,362.84375,148.93883103685553,-1.0611689631444676
0.406,165.734375,364.140625,148.7994550797524,-1.2005449202476086
0.406,166.546875,365.46875,148.6468761825425,-1.3531238174574867
0.406,167.734375,367.34375,148.42296392641916,-1.5770360735808424
0.406,168.515625,368.703125,148.35181243889895,-1.6481875611010537
0.484,169.265625,370.03125,148.30998881802643,-1.6900111819735741
0.484,170.109375,371.390625,148.2167190325749,-1.7832809674250996
0.484,171.0,372.890625,148.16896845456753,-1.8310315454324666
0.484,172.15625,375.0,148.2195142822378,-1.7804857177621898
0.516,173.03125,376.578125,148.27431572958994,-1.7256842704100563
0.547,173.78125,378.03125,148.39153893711392,-1.6084610628860787
0.594,174.53125,379.71875,148.65223283935225,-1.3477671606477486
0.594,175.28125,381.34375,148.9012164679154,-1.0987835320846102
0.609,176.21875,383.046875,149.05898597142047,-0.9410140285795308
0.625,177.078125,384.78125,149.3239689570235,-0.67603104297649
0.719,178.453125,387.375,149.69313092879588,-0.3068690712041189
0.719,179.46875,388.921875,149.7827829894949,-0.21721701050509523
0.719,180.390625,390.46875,149.96998804578575,-0.030011954214245407
0.719,181.375,392.0625,150.15789866420613,0.15789866420612952
0.734,182.421875,393.796875,150.40767679304554,0.40767679304553894
0.812,183.453125,395.3125,150.55778534674195,0.5577853467419516
0.812,184.578125,396.765625,150.61804476939756,0.6180447693975566
0.812,185.75,398.171875,150.6345894574537,0.6345894574536999
0.812,186.984375,399.4375,150.53354410360046,0.5335441036004624
0.844,188.9375,401.125,150.20367682333878,0.2036768233387818
0.922,190.25,402.3125,150.04302768289503,0.043027682895029784
0.922,191.5,403.5,149.94832443211894,-0.051675567881062534
0.922,192.796875,404.65625,149.8180251966636,-0.18197480333640215
0.922,194.125,405.75,149.641498672661,-0.3585013273390132
1.016,196.140625,407.25,149.29612277413847,-0.7038772258615325
1.016,197.46875,408.21875,149.07701056207492,-0.9229894379250823
1.016,198.890625,409.125,148.7661632828199,-1.233836717180111
1.016,200.390625,410.046875,148.43295552253971,-1.5670444774602856
1.047,201.84375,411.046875,148.20950664963473,-1.7904933503652671
1.109,204.109375,412.46875,147.79794210155,-2.2020578984499934
1.109,205.5,413.46875,147.6665406466966,-2.3334593533033967
1.109,206.890625,414.40625,147.50642613782333,-2.4935738621766745
1.125,208.40625,415.3125,147.26298820583705,-2.737011794162953
1.156,209.75,416.25,147.1703944412734,-2.8296055587265982
1.219,211.96875,417.546875,146.8562862080753,-3.1437137919247107
1.219,213.4375,418.46875,146.7239282898754,-3.2760717101245973
1.219,214.875,419.328125,146.57921762997518,-3.420782370024824
1.234,216.28125,420.234375,146.50984278608425,-3.490157213915751
1.328,217.71875,421.109375,146.41613577216523,-3.5838642278347663
1.328,219.921875,422.5,146.3514813847664,-3.6485186152335984
1.328,221.296875,423.421875,146.3801254039675,-3.6198745960325027
1.328,222.75,424.265625,146.31988264292937,-3.6801173570706283
1.359,224.265625,425.15625,146.28664488155823,-3.7133551184417684
1.422,225.8125,426.078125,146.28560680998532,-3.7143931900146754
1.422,227.28125,427.0,146.34553837258755,-3.654461627412445
1.422,228.6875,427.9375,146.47005346657042,-3.5299465334295803
1.437,230.953125,429.265625,146.550580871951,-3.449419128048987
1.469,232.421875,430.234375,146.72353393425422,-3.2764660657457796
1.531,233.984375,431.046875,146.73563367977886,-3.264366320221143
1.531,235.515625,431.984375,146.8948939319582,-3.105106068041806
1.531,237.125,432.921875,147.0424784833132,-2.9575215166867963
1.547,238.59375,433.75,147.17265384256174,-2.8273461574382566
1.641,240.84375,435.046875,147.43513950659158,-2.5648604934084176
1.641,242.484375,435.875,147.54681543205405,-2.4531845679459536
1.641,244.0,436.703125,147.72861735210827,-2.271382647891727
1.641,245.46875,437.578125,147.99120820196762,-2.0087917980323766
1.656,246.953125,438.453125,148.26745687955685,-1.7325431204431538
1.734,248.40625,439.28125,148.5300698196328,-1.4699301803671858
1.734,249.859375,440.140625,148.8404415835335,-1.1595584164664956
1.734,251.328125,440.984375,149.14940633524577,-0.8505936647542285
1.734,252.90625,441.78125,149.39793887676296,-0.6020611232370356
1.766,255.234375,442.90625,149.75365595104222,-0.24634404895778061
1.812,256.703125,443.75,150.1288842453897,0.12888424538971321
1.812,258.171875,444.703125,150.62730969442842,0.6273096944284191
1.812,259.5625,445.546875,151.05986968257196,1.0598696825719571
1.844,261.0,446.453125,151.55697879763116,1.5569787976311602
1.875,263.171875,447.578125,152.10395711332185,2.1039571133218544
1.937,264.609375,448.375,152.5373297356769,2.537329735676906
1.937,266.03125,449.171875,152.99060189298598,2.9906018929859783
1.937,267.421875,449.953125,153.45121024541075,3.451210245410749
1.969,268.84375,450.65625,153.8441340387244,3.8441340387244054
2.047,270.421875,451.109375,153.97697454946388,3.9769745494638755
2.047,272.140625,451.484375,154.0248702142977,4.024870214297692
2.047,274.75,451.765625,153.85177097336458,3.85177097336458
2.047,276.578125,451.953125,153.74763876489698,3.7476387648969762
2.078,278.421875,452.09375,153.61680984702855,3.6168098470285486
2.125,280.328125,452.1875,153.45363411228038,3.4536341122803833
2.125,282.078125,452.25,153.30119407074307,3.3011940707430654
2.125,284.78125,452.390625,153.14866287190733,3.1486628719073337
2.156,286.59375,452.4375,153.0258767179999,3.0258767179998927
2.234,288.265625,452.375,152.82616327592808,2.8261632759280815
2.234,290.0,452.3125,152.64041947089245,2.6404194708924535
2.234,291.78125,452.28125,152.50287522904281,2.5028752290428145
2.25,294.53125,452.171875,152.27011120892413,2.270111208924135
2.281,296.375,452.015625,152.05884015452907,2.058840154529065
2.375,298.25,451.9375,151.94757782291234,1.9475778229123364
2.375,299.203125,451.890625,151.89271533768908,1.8927153376890828
2.375,302.1875,451.921875,151.93762292390133,1.9376229239013298
2.375,303.984375,451.96875,152.02097296328267,2.0209729632826736
2.375,305.859375,452.09375,152.20657365716215,2.206573657162153
2.484,307.84375,452.109375,152.3114781523478,2.311478152347803
2.484,310.765625,452.078125,152.4586986208273,2.458698620827306
2.484,312.65625,451.9375,152.46371558607805,2.4637155860780524
2.484,314.5,451.890625,152.58116516428436,2.581165164284357
2.547,316.296875,451.703125,152.57596884677235,2.575968846772355
2.578,318.0,451.59375,152.65865530346616,2.658655303466162
2.578,320.515625,451.40625,152.78986683744156,2.789866837441565
2.578,322.3125,451.125,152.76325893764508,2.7632589376450767
2.578,323.875,450.71875,152.59802497595604,2.5980249759560365
2.656,326.234375,450.046875,152.3230354506706,2.323035450670602
2.656,327.9375,449.453125,152.0419036927505,2.041903692750509
2.656,329.671875,448.984375,151.91038200253547,1.9103820025354707
2.672,331.515625,448.515625,151.82267777997214,1.822677779972139
2.766,333.171875,448.140625,151.8091501405836,1.809150140583597
2.766,335.0,447.65625,151.74771222019297,1.747712220192966
2.766,336.65625,447.046875,151.54690399783206,1.546903997832061
2.766,338.328125,446.484375,151.41571016627123,1.415710166271225
2.766,340.8125,445.640625,151.25095638256514,1.2509563825651355
2.859,342.515625,444.953125,151.05954725341346,1.0595472534134558
2.859,344.328125,444.296875,150.95221363325962,0.9522136332596176
2.859,346.015625,443.75,150.9354174610473,0.935417461047308
2.859,347.65625,443.15625,150.880184511171,0.8801845111709952
3.172,350.109375,442.15625,150.72938955941248,0.729389559412482
3.172,351.796875,441.578125,150.7557021750131,0.7557021750131128
3.172,353.40625,440.90625,150.68775274761052,0.6877527476105172
3.172,355.046875,440.1875,150.60774748835343,0.6077474883534251
3.172,356.6875,439.484375,150.5634866937885,0.5634866937884908
3.172,359.390625,438.359375,150.56746988736063,0.5674698873606303
3.172,361.09375,437.734375,150.6758253526528,0.6758253526527938
3.172,362.765625,437.09375,150.77871192812043,0.7787119281204298
3.172,364.453125,436.421875,150.8811893536807,0.8811893536806963
3.172,366.171875,435.796875,151.06127333231788,1.0612733323178816
3.172,367.828125,435.015625,151.09557748377762,1.0955774837776175
3.172,369.359375,434.15625,151.02523734281343,1.0252373428134263
3.172,370.90625,433.171875,150.87227903123267,0.8722790312326651
3.172,372.421875,432.234375,150.7675625264143,0.7675625264143093
3.203,374.578125,430.8125,150.57824173752869,0.5782417375286855
3.266,376.0,429.8125,150.4236854895199,0.4236854895198974
3.266,377.453125,428.875,150.35874499764097,0.3587449976409687
3.266,378.875,427.9375,150.29727053825695,0.29727053825695293
3.266,380.34375,426.921875,150.21411557366415,0.21411557366414513
3.375,382.5625,425.40625,150.1442437967986,0.14424379679860522
3.375,384.046875,424.46875,150.1877056347427,0.18770563474271285
3.375,384.828125,424.03125,150.2649718583081,0.2649718583080869
3.375,387.15625,422.609375,150.43028535488833,0.4302853548883263
3.391,388.59375,421.6875,150.52142769490496,0.5214276949049577
3.469,390.046875,420.8125,150.67879696067268,0.6787969606726847
3.469,391.53125,419.890625,150.83677167538798,0.836771675387979
3.484,392.921875,418.984375,150.96938877685187,0.9693887768518721
3.484,395.046875,417.3125,150.98387696544165,0.9838769654416524
3.484,396.28125,416.25,150.94416716641456,0.9441671664145588
3.516,397.671875,415.109375,150.96345047363698,0.963450473636982
3.578,398.90625,413.921875,150.86629806745484,0.8662980674548351
3.578,400.171875,412.703125,150.78593742713957,0.7859374271395723
3.578,401.453125,411.40625,150.67876131468603,0.6787613146860281
3.594,402.65625,410.125,150.55172296942504,0.5517229694250432
3.703,403.890625,408.75,150.39888451345183,0.39888451345183285
3.703,405.046875,407.390625,150.2251386591347,0.2251386591347
3.703,406.921875,405.484375,150.19733926623417,0.19733926623416664
3.703,407.484375,404.84375,150.15026734309575,0.15026734309574863
3.703,409.0625,402.953125,149.97991483367238,-0.020085166327618253
3.781,410.125,401.65625,149.87164104346925,-0.12835895653074658
3.781,411.328125,400.359375,149.88647559538603,-0.11352440461396895
3.781,412.421875,399.03125,149.81944618465963,-0.1805538153403745
3.781,413.625,397.703125,149.85506751446755,-0.14493248553245053
3.812,414.875,396.3125,149.90784929832728,-0.09215070167272188
3.891,416.015625,394.90625,149.88936430982395,-0.11063569017605346
3.891,417.40625,392.828125,149.67059941778186,-0.32940058221814184
3.891,418.28125,391.5,149.54164671275524,-0.458353287244762
3.891,419.171875,390.15625,149.43254399587167,-0.5674560041283314
3.922,420.34375,388.109375,149.1505284166071,-0.8494715833928979
3.984,421.1875,386.671875,148.99135569644847,-1.0086443035515344
3.984,421.9375,385.296875,148.8096461625241,-1.1903538374758966
3.984,422.625,383.828125,148.5397090545677,-1.4602909454322912
4.0,423.25,382.3125,148.20900835053854,-1.7909916494614606
4.094,423.890625,380.15625,147.55985692915647,-2.4401430708435328
4.094,424.375,378.421875,147.0344554977357,-2.9655445022642937
4.094,424.703125,376.953125,146.53550024492785,-3.464499755072154
4.094,425.203125,375.46875,146.18944810186585,-3.8105518981341504
4.203,425.828125,373.890625,145.9196405694115,-4.080359430588487
4.203,427.046875,371.703125,145.88436030648128,-4.115639693518716
4.203,427.96875,370.15625,145.9380018727987,-4.061998127201292
4.203,428.890625,368.78125,146.094673292537,-3.90532670746299
4.203,429.984375,367.296875,146.37215284645592,-3.6278471535440815
4.219,431.0625,365.90625,146.7004181838365,-3.29958181616351
4.328,432.109375,364.546875,147.03464229614818,-2.965357703851822
4.328,433.828125,362.234375,147.59093628219944,-2.4090637178005636
4.328,435.046875,360.75,148.08180491628815,-1.9181950837118507
4.328,436.1875,359.265625,148.52423863763997,-1.475761362360032
4.406,437.28125,357.671875,148.90327990873178,-1.0967200912682245
4.406,438.203125,356.0,149.11775132346125,-0.8822486765387509
4.406,439.015625,354.359375,149.26582209109776,-0.7341779089022396
4.406,439.734375,351.859375,149.04727549348647,-0.9527245065135332
4.422,440.15625,350.15625,148.86041726437892,-1.139582735621076
4.484,440.5625,348.5625,148.71493809466486,-1.2850619053351409
4.484,441.0,346.96875,148.61717086717303,-1.38282913282697
4.5,441.53125,344.59375,148.3903543550759,-1.6096456449240861
4.516,441.640625,342.921875,148.00119595431062,-1.9988040456893827
4.609,441.703125,341.25,147.58502002156462,-2.414979978435383
4.609,441.71875,339.546875,147.13313503024438,-2.8668649697556248
4.609,441.859375,336.90625,146.58155942837124,-3.4184405716287642
4.609,442.09375,335.109375,146.3670113172812,-3.6329886827188034
4.625,442.375,333.1875,146.19182870889193,-3.808171291108067
4.703,442.609375,331.515625,146.05022580273967,-3.949774197260325
4.703,442.84375,329.84375,145.92801762555743,-4.07198237444257
4.703,443.078125,328.046875,145.80115586229505,-4.198844137704953
4.703,443.234375,326.375,145.64246223763394,-4.357537762366064
4.734,443.5625,324.734375,145.6776603082663,-4.322339691733703
4.797,443.84375,323.015625,145.67341352560913,-4.326586474390865
4.797,444.109375,321.4375,145.69515561315217,-4.304844386847833
4.797,444.34375,320.0,145.72274415499626,-4.277255845003737
4.812,444.625,317.859375,145.7235324180368,-4.276467581963203
4.844,444.71875,316.421875,145.64750111168445,-4.3524988883155515
4.906,444.84375,315.03125,145.62160001395742,-4.378399986042581
4.906,445.03125,313.609375,145.66838560392273,-4.331614396077271
4.906,445.21875,312.140625,145.72535855832754,-4.274641441672458
4.922,445.375,310.71875,145.7696203828579,-4.230379617142091
4.937,445.484375,309.34375,145.78411790453418,-4.215882095465815
5.0,445.53125,307.765625,145.7382916676435,-4.2617083323565055
5.0,445.6875,306.03125,145.81228903220915,-4.187710967790849
5.016,445.796875,304.40625,145.8634422973355,-4.136557702664504
5.031,446.015625,302.671875,146.04006868033255,-3.9599313196674473
5.109,446.109375,300.125,146.1094284702073,-3.890571529792709
5.109,446.078125,296.65625,146.1163894557285,-3.883610544271505
5.125,446.03125,295.09375,146.1136450357221,-3.886354964277899
5.141,445.765625,293.046875,145.93136530200164,-4.0686346979983625
5.203,445.609375,291.453125,145.85999849223998,-4.140001507760019
5.203,445.578125,290.703125,145.8746803365178,-4.125319663482202
5.203,445.609375,289.390625,145.99537296017724,-4.004627039822765
5.219,445.609375,287.46875,146.1476045457233,-3.8523954542766887
5.25,445.640625,286.625,146.25348637003708,-3.7465136299629194
5.312,445.734375,284.171875,146.59139673819965,-3.4086032618003514
5.312,445.765625,282.1875,146.84993220254012,-3.150067797459883
5.328,445.5,280.484375,146.80296188817385,-3.1970381118261457
5.328,445.390625,279.5625,146.82004374110718,-3.1799562588928154
5.359,444.71875,276.484375,146.6168517623507,-3.3831482376492943
5.406,444.21875,275.0625,146.35889709140508,-3.6411029085949167
5.406,443.828125,273.59375,146.2320743888909,-3.767925611109092
5.422,443.515625,272.0,146.2215258405568,-3.778474159443192
5.437,443.21875,269.765625,146.37529772199653,-3.6247022780034683
5.531,443.1875,268.078125,146.70264571494826,-3.297354285051739
5.531,443.265625,266.421875,147.1479860044175,-2.852013995582496
5.531,443.421875,264.734375,147.693935336412,-2.306064663587989
5.531,443.5,263.109375,148.16601571511134,-1.8339842848886576
5.641,443.53125,262.234375,148.4165157864957,-1.5834842135043061
5.641,443.484375,259.84375,148.99761838097658,-1.0023816190234243
5.641,443.515625,257.4375,149.69402468165063,-0.3059753183493683
5.641,443.375,255.875,150.01135373697554,0.011353736975536322
5.641,443.328125,254.21875,150.46220212258666,0.4622021225866604
5.734,443.1875,252.578125,150.83598504589554,0.8359850458955407
5.75,442.875,250.953125,151.05913270062695,1.0591327006269466
5.75,442.28125,248.609375,151.27772618417137,1.277726184171371
5.75,441.6875,246.734375,151.36900099720097,1.3690009972009705
5.75,441.0625,245.109375,151.3658139050579,1.3658139050579052
5.844,440.40625,243.453125,151.3653332547718,1.365333254771798
5.844,438.34375,239.3125,151.0694072945032,1.0694072945032076
5.844,437.390625,237.53125,150.92557293067708,0.9255729306770775
5.859,436.453125,235.984375,150.7231089329246,0.723108932924589
5.937,435.34375,234.28125,150.4555906758702,0.4555906758702122
5.937,434.3125,232.796875,150.18690910334237,0.18690910334237287
5.937,433.1875,231.046875,149.97814375273362,-0.0218562472663848
5.937,432.109375,229.328125,149.82456700723768,-0.1754329927623246
6.234,431.203125,227.71875,149.79599163972355,-0.20400836027644687
6.234,430.078125,225.953125,149.67718029406237,-0.32281970593763276
6.234,429.125,224.3125,149.67252012727653,-0.32747987272347245
6.234,428.0625,222.71875,149.5740469059138,-0.4259530940861964
6.234,426.75,220.96875,149.3703483846861,-0.6296516153138896
6.234,425.171875,218.28125,149.48562604002475,-0.514373959975245
6.266,424.171875,216.71875,149.5139496588132,-0.4860503411867967
6.266,423.109375,214.9375,149.63805371342085,-0.36194628657915473
6.266,422.140625,213.3125,149.77668353799473,-0.2233164620052719
6.266,421.109375,211.71875,149.87014317219132,-0.12985682780868046
6.266,419.953125,210.296875,149.78452133658956,-0.21547866341043687
6.266,418.796875,208.859375,149.7307952131299,-0.2692047868700911
6.266,417.5625,207.4375,149.62873324498875,-0.3712667550112485
6.266,416.359375,206.015625,149.57461982078127,-0.4253801792187346
6.266,415.15625,204.609375,149.53371944799983,-0.46628055200017116
6.359,413.078125,202.546875,149.27750642940566,-0.722493570594338
6.562,411.640625,201.265625,149.03726365252166,-0.9627363474783408
6.562,410.34375,200.0625,148.87325841235725,-1.126741587642755
6.562,408.96875,198.796875,148.71536903201405,-1.2846309679859473
6.562,407.59375,197.5,148.6023722524728,-1.3976277475271957
6.562,406.296875,196.265625,148.5255741998874,-1.4744258001126127
6.562,405.078125,195.0,148.54767703843646,-1.4523229615635387
6.562,403.09375,193.125,148.4944002784701,-1.5055997215299044
6.562,401.796875,192.0,148.4136239021392,-1.586376097860807
6.562,400.484375,190.65625,148.50308172965006,-1.496918270349937
6.562,399.171875,189.421875,148.53478555386025,-1.465214446139754
6.562,397.84375,188.28125,148.50750323005568,-1.4924967699443243
6.562,396.546875,187.015625,148.61617700104605,-1.3838229989539457
6.562,395.140625,185.828125,148.61680781932523,-1.3831921806747687
6.578,393.78125,184.5625,148.73042478865077,-1.2695752113492347
6.656,393.0,183.90625,148.75065979370478,-1.2493402062952157
6.656,391.0,182.234375,148.82789534103014,-1.1721046589698574
6.656,389.59375,181.046875,148.91905850604928,-1.0809414939507178
6.656,388.109375,179.890625,148.96148470588378,-1.0385152941162232
6.687,386.65625,178.6875,149.08396399449708,-0.9160360055029173
6.766,385.078125,177.453125,149.18452978034034,-0.8154702196596588
6.766,382.96875,175.734375,149.4180679610171,-0.5819320389828988
6.766,381.625,174.53125,149.68315820947424,-0.316841790525757
6.844,380.234375,173.4375,149.85199811110502,-0.14800188889498145
6.859,378.734375,172.265625,150.05056602119583,0.05056602119583431
6.859,377.3125,171.15625,150.2595573343423,0.2595573343423041
6.859,375.96875,169.921875,150.6372118039833,0.6372118039832912
6.875,373.84375,168.125,151.1420359763044,1.1420359763044132
6.875,372.46875,167.046875,151.42078184261277,1.4207818426127687
6.984,371.140625,165.9375,151.76871361265677,1.768713612656768
6.984,369.75,164.84375,152.0929795028768,2.0929795028768012
6.984,367.640625,163.3125,152.50812046130733,2.5081204613073282
6.984,366.1875,162.3125,152.76986879780972,2.769868797809721
6.984,364.71875,161.34375,153.01657513362727,3.0165751336272706
7.062,363.234375,160.40625,153.24816873523523,3.2481687352352253
7.062,361.8125,159.53125,153.46743916157752,3.4674391615775164
7.062,360.453125,158.6875,153.70036752888922,3.700367528889217
7.078,359.046875,157.8125,153.96044493153306,3.960444931533061
7.156,357.734375,156.78125,154.4178370791507,4.417837079150701
7.156,355.65625,155.546875,154.80414557216523,4.8041455721652255
7.156,354.265625,154.75,155.05586269677335,5.055862696773346
7.156,352.875,153.921875,155.3530953296896,5.353095329689609
7.187,351.40625,153.015625,155.71451131221883,5.714511312218832
7.266,350.046875,152.265625,155.98120160425182,5.981201604251822
7.266,348.625,151.578125,156.18400559441298,6.18400559441298
7.266,347.296875,150.828125,156.49039164044945,6.490391640449445
7.266,345.921875,150.171875,156.70764386120817,6.707643861208169
7.281,344.421875,149.671875,156.75410088585002,6.754100885850022
7.375,342.890625,149.3125,156.67267907692337,6.672679076923373
7.375,341.140625,148.953125,156.5493834949734,6.549383494973398
7.375,339.46875,148.6875,156.37536533230707,6.375365332307069
7.375,336.796875,148.3125,156.0868593636749,6.086859363674904
7.5,334.75,148.109375,155.8150328527085,5.815032852708498
7.5,332.765625,147.953125,155.53725720516692,5.537257205166924
7.578,330.953125,147.78125,155.3339750306678,5.333975030667801
7.578,329.234375,147.703125,155.0773575232898,5.077357523289805
7.578,327.453125,147.765625,154.6899447407822,4.6899447407822095
7.578,325.75,147.765625,154.39678569076696,4.396785690766961
7.578,324.046875,147.828125,154.060156232172,4.060156232172005
7.578,322.28125,147.84375,153.7789924392308,3.778992439230791
7.578,320.640625,148.0,153.39503055963263,3.3950305596326302
7.594,319.015625,148.28125,152.90576541027852,2.9057654102785193
7.672,317.34375,148.578125,152.411908631111,2.411908631111004
7.672,314.84375,149.09375,151.6345382923198,1.634538292319803
7.672,313.125,149.34375,151.22688679286662,1.2268867928666225
7.672,311.390625,149.53125,150.8992745656954,0.8992745656954071
7.703,309.890625,149.625,150.69991734533443,0.699917345334427
7.906,308.25,149.765625,150.46072554537488,0.46072554537488486
7.906,306.734375,149.796875,150.3540174601472,0.3540174601471904
7.906,304.96875,149.828125,150.25405324841697,0.25405324841696597
7.906,302.671875,149.71875,150.3049999753106,0.30499997531060785
7.906,300.96875,149.609375,150.3937450975044,0.393745097504393
7.906,298.84375,149.390625,150.6138132840183,0.6138132840183061
7.906,297.125,149.203125,150.8242789963394,0.8242789963393875
7.906,295.375,148.890625,151.18013704812753,1.1801370481275342
7.906,293.640625,148.515625,151.6178008003389,1.6178008003388982
7.984,291.9375,148.421875,151.79239732201881,1.7923973220188145
7.984,290.1875,148.109375,152.20725054720825,2.207250547208247
7.984,287.65625,147.828125,152.67169909671577,2.67169909671577
7.984,285.828125,147.734375,152.9237149615986,2.9237149615985913
8.0,283.921875,147.609375,153.23644700725168,3.2364470072516838
8.094,282.171875,147.6875,153.3523384147292,3.3523384147291893
8.094,280.46875,147.96875,153.28069253211572,3.2806925321157223
8.094,278.078125,148.765625,152.81493639417664,2.814936394176641
8.094,276.4375,149.265625,152.56488197776915,2.564881977769147
8.109,274.765625,149.765625,152.33890216645665,2.3389021664566485
8.187,273.171875,150.296875,152.08804662359645,2.0880466235964548
8.187,271.375,150.859375,151.86282181755556,1.862821817555556
8.187,269.625,151.28125,151.789022088432,1.7890220884320058
8.187,267.765625,151.671875,151.79027504308783,1.7902750430878314
8.219,265.0625,152.265625,151.8093358884447,1.809335888444707
8.281,263.328125,152.5625,151.92972988281664,1.9297298828166447
8.281,261.484375,152.765625,152.18874646563475,2.1887464656347504
8.281,259.65625,153.0,152.43561973522625,2.435619735226254
8.297,257.75,153.1875,152.7709810672498,2.7709810672498065
8.328,255.703125,153.4375,153.1103508617743,3.110350861774293
8.391,254.015625,153.9375,153.1300644889521,3.1300644889520868
8.391,252.296875,154.671875,152.9570268107394,2.957026810739393
8.391,250.671875,155.421875,152.76157286612118,2.7615728661211847
8.406,248.1875,156.59375,152.47913855774664,2.479138557746637
8.484,246.59375,157.34375,152.32541876891395,2.3254187689139485
8.484,245.0,158.046875,152.2356387225594,2.2356387225594005
8.484,243.328125,158.78125,152.16581997143157,2.1658199714315742
8.5,241.734375,159.546875,152.05907858101156,2.059078581011562
8.516,240.125,160.34375,151.95026748598536,1.9502674859853641
8.594,238.484375,161.25,151.77527670586085,1.775276705860847
8.594,237.015625,162.0625,151.637018568655,1.6370185686550087
8.594,235.359375,163.0,151.4840268820136,1.4840268820136089
8.594,233.828125,163.8125,151.4125232511024,1.4125232511024137
8.625,232.078125,164.703125,151.38898734148813,1.3889873414881322
8.703,230.5,165.4375,151.4507061926421,1.4507061926420874
8.703,228.203125,166.6875,151.41668968781357,1.416689687813573
8.703,226.578125,167.40625,151.5647527216606,1.5647527216605965
8.703,225.078125,168.21875,151.59018835359407,1.5901883535940726
8.734,223.515625,168.984375,151.70680147337248,1.7068014733724794
8.797,221.953125,169.765625,151.8298624411754,1.8298624411754076
8.797,220.40625,170.640625,151.88486738135938,1.8848673813593848
8.797,218.84375,171.453125,152.02182733518276,2.0218273351827634
8.812,217.28125,172.21875,152.21839393819985,2.2183939381998528
8.828,215.765625,172.953125,152.43470201665448,2.4347020166544837
8.906,214.171875,173.734375,152.6744087843678,2.674408784367813
8.906,212.734375,174.5,152.85790560726855,2.857905607268549
8.906,211.234375,175.390625,152.9929165665236,2.992916566523604
8.922,209.21875,176.8125,153.02416641763648,3.0241664176364793
9.0,207.953125,177.90625,152.90360030531696,2.9036003053169566
9.0,206.71875,179.09375,152.70793329301853,2.7079332930185274
9.0,205.640625,180.21875,152.48357125262092,2.4835712526209193
9.016,204.390625,181.421875,152.3217788643707,2.321778864370714
9.031,202.625,183.328125,151.96781580655696,1.9678158065569562
9.109,201.390625,184.484375,151.88044132485015,1.8804413248501533
9.109,200.265625,185.640625,151.7399492784654,1.7399492784653887
9.109,199.125,186.84375,151.59189470107728,1.5918947010772797
9.125,197.359375,188.703125,151.40043687240882,1.400436872408818
9.203,196.296875,189.9375,151.22199589019988,1.221995890199878
9.203,195.09375,191.234375,151.11347547688501,1.1134754768850144
9.203,194.0,192.546875,150.93764961819707,0.9376496181970708
9.203,192.9375,193.859375,150.75878475777333,0.7587847577733271
9.234,191.765625,195.140625,150.6989331648743,0.6989331648742905
9.297,190.09375,197.171875,150.5091594557558,0.5091594557557926
9.297,189.0,198.65625,150.30487571620057,0.30487571620056997
9.297,187.953125,200.0625,150.13995505366194,0.13995505366193584
9.312,186.84375,201.625,149.93991309542133,-0.060086904578668054
9.344,185.84375,203.09375,149.74134600411804,-0.25865399588195714
9.422,184.671875,204.8125,149.53673987440553,-0.4632601255944735
9.422,183.625,206.328125,149.390631536973,-0.6093684630270104
9.422,182.625,207.734375,149.29781037121953,-0.7021896287804736
9.422,181.625,209.25,149.15831564146868,-0.8416843585313245
9.516,180.6875,210.8125,148.96268933024805,-1.037310669751946
9.516,179.703125,212.25,148.90064014222915,-1.0993598577708497
9.516,178.703125,213.703125,148.86262969439727,-1.1373703056027296
9.516,177.703125,214.953125,148.96139292458045,-1.0386070754195487
9.531,176.6875,216.3125,149.02875666293403,-0.971243337065971
9.547,175.65625,217.796875,149.05945767990747,-0.9405423200925327
9.625,174.640625,219.25,149.11584557112172,-0.8841544288782757
9.625,173.171875,221.453125,149.18104726566727,-0.8189527343327256
9.625,172.265625,222.96875,149.16395017967017,-0.8360498203298334
9.641,171.28125,224.375,149.2905128484811,-0.7094871515189141
9.719,170.359375,225.875,149.3358874329631,-0.6641125670369092
9.719,169.4375,227.3125,149.43238960312453,-0.567610396875466
9.719,168.546875,228.828125,149.48364413299956,-0.516355867000442
9.719,167.65625,230.375,149.54099367418453,-0.45900632581546574
9.734,166.90625,232.03125,149.44462943051852,-0.5553705694814823
9.828,166.078125,233.703125,149.43341071621583,-0.5665892837841682
9.828,165.328125,235.28125,149.41563009798583,-0.5843699020141742
9.828,164.703125,236.828125,149.31821782951084,-0.6817821704891571
9.828,163.875,238.328125,149.4437546069277,-0.5562453930722882
9.844,163.21875,240.0,149.3623458290693,-0.6376541709306878
9.922,162.5,241.75,149.3295432926787,-0.670456707321307
9.922,161.4375,244.0625,149.42747509243407,-0.5725249075659349
9.922,160.796875,245.65625,149.43477899681895,-0.5652210031810512
9.937,160.171875,247.25,149.44720486183616,-0.5527951381638445
10.047,159.5625,248.796875,149.48060548450968,-0.519394515490319
10.047,158.96875,250.40625,149.497001694432,-0.5029983055680134
10.047,158.203125,252.8125,149.44234311605138,-0.5576568839486242
10.047,157.78125,254.375,149.35800439401464,-0.6419956059853575
10.047,157.4375,256.0,149.19807775655156,-0.8019222434484448
10.234,157.015625,257.515625,149.16250739807657,-0.8374926019234294
10.234,156.59375,259.03125,149.14352488668425,-0.8564751133157529
10.234,156.125,260.5625,149.1822108404685,-0.8177891595314861
10.234,155.875,261.953125,149.06233703476417,-0.9376629652358304
10.234,155.453125,263.421875,149.10318004919026,-0.8968199508097427
10.25,154.859375,265.859375,149.10192252543644,-0.8980774745635642
10.25,154.375,267.421875,149.2245785838098,-0.7754214161901984
10.25,153.875,269.03125,149.37060989887703,-0.629390101122965
10.25,153.5625,270.734375,149.33324550444428,-0.6667544955557219
10.266,153.328125,272.296875,149.26520710058742,-0.7347928994125823
10.344,153.40625,274.890625,148.72863964937326,-1.2713603506267361
10.344,153.5625,276.578125,148.2987715214311,-1.7012284785689076
10.344,153.609375,278.234375,147.9998564848333,-2.0001435151667124
10.359,153.6875,279.9375,147.6815884343746,-2.3184115656254107
10.453,153.65625,281.578125,147.4986733587056,-2.501326641294412
10.453,153.28125,284.046875,147.58351465806783,-2.416485341932173
10.453,153.015625,285.8125,147.66750370474415,-2.332496295255851
10.453,152.90625,287.421875,147.63055414641687,-2.36944585358313
10.469,152.859375,289.015625,147.5500593681048,-2.4499406318952026
10.547,152.96875,290.609375,147.3308260835224,-2.669173916477604
10.547,152.859375,292.0625,147.3545636607181,-2.6454363392819005
10.547,152.984375,293.65625,147.15242831228824,-2.8475716877117634
10.562,153.265625,295.125,146.81533445672704,-3.1846655432729563
10.578,153.65625,297.71875,146.36152932251358,-3.638470677486424
10.641,154.078125,301.703125,145.9318136606314,-4.068186339368594
10.641,154.25,303.625,145.79507236186,-4.204927638139992
10.656,154.265625,305.484375,145.83753435169305,-4.162465648306949
10.672,154.21875,306.4375,145.92331636106857,-4.076683638931428
10.75,154.140625,309.765625,146.1859251331374,-3.8140748668625974
10.75,154.140625,309.765625,146.1859251331374,-3.8140748668625974
10.75,154.21875,313.375,146.3935226591754,-3.606477340824597
10.766,154.1875,315.390625,146.62249654858775,-3.3775034514122524
10.844,154.171875,317.09375,146.8265586672865,-3.1734413327135087
10.844,154.140625,317.890625,146.95248122533096,-3.0475187746690438
10.844,154.328125,320.625,147.12472868629402,-2.87527131370598
10.844,154.453125,322.265625,147.2401130090107,-2.759886990989287
10.859,154.375,323.859375,147.5666303755379,-2.4333696244621024
10.953,154.4375,326.09375,147.88280899182467,-2.1171910081753254
10.953,154.671875,327.59375,147.92457184348422,-2.075428156515784
10.953,154.953125,329.15625,147.9482438602369,-2.051756139763114
10.953,155.359375,331.03125,147.9319062168575,-2.0680937831425013
10.984,155.78125,332.921875,147.92869128427427,-2.071308715725735
11.062,156.015625,333.90625,147.92272994101725,-2.077270058982748
11.062,156.75,336.671875,147.86949961373247,-2.130500386267528
11.062,157.28125,338.390625,147.79202173816125,-2.207978261838747
11.062,158.140625,341.109375,147.69584621200843,-2.3041537879915666
11.172,158.71875,343.0,147.6800311537159,-2.319968846284098
11.172,159.296875,344.859375,147.68118671705022,-2.318813282949776
11.172,159.8125,346.609375,147.73276208796958,-2.2672379120304242
11.172,160.203125,348.34375,147.9198581118442,-2.0801418881557936
11.172,160.953125,350.875,148.06180828378945,-1.9381917162105537
11.266,161.3125,352.78125,148.3916541043077,-1.6083458956923096
11.266,161.609375,354.640625,148.7869718365195,-1.2130281634804874
11.266,161.984375,356.421875,149.10312110300123,-0.8968788969987713
11.266,162.34375,358.25,149.4734279531399,-0.5265720468601103
11.281,162.75,360.0625,149.81677611752963,-0.18322388247037225
11.359,163.515625,362.75,150.21833150165338,0.2183315016533811
11.359,164.0625,364.390625,150.41660976813904,0.4166097681390397
11.359,164.78125,366.09375,150.50745543203166,0.5074554320316622
11.359,165.609375,367.65625,150.45998887396317,0.45998887396316945
11.391,166.546875,369.03125,150.24995856514613,0.24995856514613024
11.453,167.46875,370.3125,150.02793034236157,0.027930342361571547
11.453,168.515625,371.578125,149.70493928944447,-0.29506071055553207
11.453,169.453125,372.828125,149.4871979912703,-0.5128020087296932
11.469,170.90625,374.765625,149.18141630479022,-0.8185836952097816
11.5,171.953125,375.921875,148.86280025843007,-1.1371997415699298
11.562,173.046875,377.078125,148.51980777250301,-1.4801922274969854
11.562,174.078125,378.25,148.25444716269266,-1.7455528373073435
11.562,175.59375,380.328125,148.08620025200904,-1.9137997479909643
11.578,176.609375,381.78125,148.03181816573465,-1.9681818342653514
11.656,177.578125,383.234375,148.03741641948582,-1.9625835805141776
11.656,178.59375,384.78125,148.0788232348738,-1.921176765126205
11.656,179.5,386.328125,148.23223389673254,-1.767766103267462
11.672,180.484375,387.953125,148.3904876210273,-1.6095123789727097
11.703,181.90625,390.375,148.70700862455172,-1.2929913754482811
11.766,182.71875,392.125,149.13720939645646,-0.8627906035435444
11.766,183.65625,393.828125,149.46432753362296,-0.5356724663770365
11.766,184.515625,395.453125,149.82636597543922,-0.17363402456078347
11.781,185.59375,397.0625,150.0330595079381,0.033059507938105526
11.797,187.078125,399.421875,150.45284670630613,0.4528467063061328
11.859,188.078125,401.0,150.75644630832747,0.7564463083274688
11.859,189.3125,402.359375,150.76194581737337,0.7619458173733733
11.875,190.5625,403.546875,150.66028583709652,0.6602858370965237
11.891,191.875,404.75,150.5442729731025,0.544272973102494
11.984,193.140625,405.828125,150.39454134511084,0.39454134511083794
11.984,194.578125,406.984375,150.1979634437706,0.19796344377058972
11.984,195.875,408.1875,150.15508909540827,0.15508909540827176
11.984,197.765625,410.03125,150.19568372028246,0.19568372028246017
12.0,199.109375,411.21875,150.16167475242517,0.1616747524251707
12.078,200.484375,412.28125,150.03479170080226,0.03479170080225913
12.078,202.53125,413.796875,149.83286016868306,-0.16713983131694476
12.078,203.9375,414.734375,149.63950251484607,-0.3604974851539282
12.094,205.34375,415.671875,149.46500704204354,-0.5349929579564616
12.109,206.703125,416.640625,149.36312223958177,-0.6368777604182299
12.187,208.1875,417.671875,149.25215349289144,-0.7478465071085623
12.187,210.25,419.109375,149.13787484368493,-0.8621251563150736
12.187,211.75,420.046875,148.99434451436613,-1.0056554856338664
12.187,213.265625,420.96875,148.84989178095873,-1.1501082190412717
12.281,214.703125,421.8125,148.70723600758512,-1.2927639924148764
12.281,216.34375,422.75,148.5460557001178,-1.4539442998822096
12.281,217.84375,423.703125,148.49953720072034,-1.50046279927966
12.281,219.390625,424.671875,148.4619404221373,-1.5380595778626969
12.297,220.859375,425.671875,148.51484333697508,-1.4851566630249238
12.391,222.25,426.625,148.58988231033766,-1.4101176896623429
12.391,223.703125,427.546875,148.62509363169886,-1.37490636830114
12.391,225.25,428.515625,148.67356311443075,-1.326436885569251
12.391,226.703125,429.375,148.69540177747805,-1.3045982225219461
12.406,228.296875,430.25,148.68221357904793,-1.3177864209520749
12.484,230.578125,431.53125,148.72749058287147,-1.272509417128532
12.484,231.953125,432.5,148.9517613097127,-1.0482386902872918
12.484,233.421875,433.46875,149.15278728564923,-0.8472127143507748
12.484,234.859375,434.453125,149.40195396197552,-0.5980460380244779
12.516,236.234375,435.4375,149.69759963970907,-0.30240036029093176
12.594,237.671875,436.484375,150.04259323657482,0.04259323657481673
12.594,239.140625,437.609375,150.46661959810638,0.46661959810637654
12.594,240.53125,438.5625,150.78494166465197,0.7849416646519671
12.594,241.921875,439.546875,151.1502528141493,1.1502528141492974
12.687,244.0,441.046875,151.75711168596226,1.7571116859622578
12.687,245.34375,442.046875,152.1992784520614,2.1992784520614066
12.687,246.765625,443.09375,152.67521072755434,2.6752107275543437
12.687,248.109375,444.09375,153.1523612353173,3.1523612353173007
12.719,249.5625,444.96875,153.49227955442092,3.492279554420918
12.797,251.984375,446.0,153.6928763610748,3.692876361074809
12.797,253.75,446.609375,153.73149104165557,3.7314910416555733
12.797,255.40625,447.015625,153.63006389767312,3.630063897673125
12.797,257.15625,447.375,153.4763093739959,3.476309373995889
12.828,258.875,447.796875,153.4118049068116,3.4118049068115965
12.891,260.578125,448.15625,153.31131283300044,3.311312833000443
12.891,262.296875,448.46875,153.18125003187603,3.181250031876033
12.891,264.96875,448.984375,153.04748436581087,3.047484365810874
12.906,266.796875,449.296875,152.94444872087135,2.9444487208713497
12.922,268.625,449.59375,152.8485546678885,2.848554667888493
13.0,270.453125,449.921875,152.8057146371864,2.805714637186412
13.0,272.15625,450.046875,152.60845032739218,2.608450327392177
13.0,273.984375,450.203125,152.43946832728804,2.43946832728804
13.219,275.796875,450.125,152.06349622695654,2.063496226956545
13.219,277.546875,450.109375,151.77933747765618,1.7793374776561848
13.219,279.25,450.140625,151.56770690153832,1.5677069015383154
13.219,280.953125,450.046875,151.25094427649452,1.250944276494522
13.219,282.78125,450.140625,151.12475848435002,1.124758484350025
13.219,284.3125,450.171875,150.98903833479312,0.989038334793122
13.219,285.828125,450.15625,150.8235441006414,0.8235441006414135
13.219,287.28125,450.359375,150.8963493658913,0.8963493658912967
13.219,289.515625,450.671875,151.03620769589077,1.0362076958907664
13.219,291.0,450.890625,151.15879303861428,1.1587930386142773
13.234,292.53125,451.0,151.184596525448,1.1845965254480006
13.328,294.140625,451.125,151.23854634447736,1.2385463444773563
13.328,295.796875,451.203125,151.26153268273876,1.2615326827387605
13.328,298.234375,451.171875,151.18218553340287,1.1821855334028726
13.328,299.109375,451.125,151.12762433748048,1.1276243374804835
13.422,302.0,451.109375,151.1226098665935,1.122609866593507
13.422,303.875,451.078125,151.12781173071892,1.1278117307189177
13.422,305.484375,451.15625,151.25571157216882,1.2557115721688206
13.422,307.203125,451.09375,151.26535062210422,1.2653506221042221
13.437,309.0,451.109375,151.37715551856107,1.377155518561068
13.531,310.859375,450.984375,151.37439519129796,1.374395191297964
13.531,312.625,450.84375,151.37115821404848,1.371158214048478
13.531,314.34375,450.703125,151.38419682657806,1.3841968265780622
13.531,315.953125,450.515625,151.35869835066055,1.3586983506605463
13.531,317.59375,450.28125,151.30761428502203,1.3076142850220265
13.625,320.15625,449.9375,151.286246302539,1.2862463025390127
13.625,321.984375,449.734375,151.3396702810643,1.3396702810642864
13.625,323.78125,449.5,151.37964807583117,1.3796480758311702
13.625,325.6875,449.328125,151.52140631694792,1.5214063169479175
13.719,327.5,449.234375,151.74698903649002,1.746989036490021
13.719,329.328125,449.03125,151.88960593990006,1.8896059399000649
13.719,331.234375,448.796875,152.03978489660608,2.039784896606079
13.719,333.046875,448.53125,152.16316299889445,2.1631629988944496
13.719,334.796875,448.125,152.1572809127635,2.157280912763497
13.75,337.546875,447.53125,152.23415368710178,2.234153687101781
13.828,339.1875,446.984375,152.1185940323885,2.1185940323885006
13.828,340.875,446.25,151.8546282633493,1.8546282633492979
13.828,342.453125,445.59375,151.65687541726595,1.656875417265951
13.844,344.84375,444.484375,151.2834972269055,1.2834972269054958
13.922,346.4375,443.90625,151.21326064638808,1.213260646388079
13.922,348.140625,443.25,151.1227391076228,1.122739107622806
13.922,349.9375,442.703125,151.18841156323995,1.1884115632399528
13.922,351.703125,442.046875,151.16391048140838,1.1639104814083794
14.031,353.4375,441.484375,151.2395278205755,1.2395278205754892
14.031,355.109375,440.921875,151.31430225331064,1.3143022533106432
14.031,356.859375,440.3125,151.39546288327344,1.3954628832734386
14.031,359.28125,439.25,151.34341446380316,1.3434144638031569
14.031,360.9375,438.59375,151.39883237763922,1.3988323776392235
14.047,362.546875,437.828125,151.35621431999826,1.3562143199982586
14.125,364.1875,437.0,151.2912263029486,1.291226302948587
14.125,365.875,436.234375,151.32521454351428,1.325214543514278
14.125,367.46875,435.359375,151.24216550602918,1.2421655060291812
14.141,369.0,434.4375,151.11069256095016,1.110692560950156
14.156,370.484375,433.421875,150.89547325104306,0.8954732510430574
14.234,371.875,432.40625,150.65666485111936,0.6566648511193591
14.234,373.34375,431.28125,150.37976015948755,0.37976015948754593
14.234,375.4375,429.734375,150.07273057717921,0.0727305771792146
14.234,376.84375,428.578125,149.7908413174121,-0.20915868258791193
14.344,378.34375,427.40625,149.56635886162704,-0.4336411383729626
14.344,379.8125,426.28125,149.38871864305048,-0.6112813569495188
14.344,381.265625,425.125,149.19908656436414,-0.8009134356358629
14.344,383.453125,423.296875,148.88432911838387,-1.1156708816161256
14.344,384.875,422.109375,148.70933087029417,-1.290669129705833
14.422,386.296875,420.953125,148.5826675020719,-1.4173324979281006
14.437,387.671875,419.796875,148.4508299935748,-1.5491700064251859
14.437,389.171875,418.6875,148.45317762603003,-1.5468223739699738
14.437,390.59375,417.65625,148.4931671933931,-1.5068328066068943
14.469,391.96875,416.703125,148.58623880201063,-1.4137611979893734
14.531,393.4375,415.765625,148.76910411066748,-1.2308958893325155
14.531,395.484375,414.15625,148.82511643940725,-1.1748835605927468
14.531,396.90625,413.046875,148.89733790880254,-1.102662091197459
14.531,398.421875,411.921875,149.04150959390893,-0.958490406091073
14.562,399.875,410.8125,149.17917341656644,-0.8208265834335577
14.625,401.203125,409.5625,149.1509769194142,-0.8490230805857948
14.625,403.171875,407.703125,149.14556287661142,-0.8544371233885784
14.625,404.53125,406.359375,149.1277937775287,-0.8722062224713056
14.656,405.71875,405.0625,149.0455735934902,-0.9544264065098105
14.734,406.921875,403.734375,148.9735141230019,-1.0264858769980947
14.734,408.15625,402.3125,148.88123478233413,-1.1187652176658673
14.734,409.4375,400.96875,148.90015071453925,-1.0998492854607491
14.734,410.796875,399.65625,149.02119202928193,-0.9788079707180657
14.75,411.96875,398.328125,149.0148353103748,-0.9851646896252078
14.844,413.203125,396.953125,149.0464892475876,-0.9535107524123987
14.844,415.046875,394.90625,149.1408050679898,-0.8591949320102117
14.844,416.234375,393.625,149.2517020225921,-0.7482979774079013
14.844,417.4375,392.3125,149.37591526916245,-0.6240847308375521
14.859,418.546875,391.046875,149.4753993790659,-0.524600620934109
14.953,419.640625,389.59375,149.46879001802725,-0.5312099819727507
14.953,421.015625,387.625,149.40857444986423,-0.5914255501357673
14.953,421.703125,386.25,149.16672931577477,-0.8332706842252264
14.953,422.421875,384.859375,148.95713814351512,-1.0428618564848762
14.969,423.125,383.375,148.69820526825467,-1.301794731745332
15.047,423.640625,382.0,148.36106008784995,-1.6389399121500503
15.047,424.25,380.5625,148.08233826574323,-1.9176617342567681
15.047,425.046875,379.0,147.911192772101,-2.0888072278989966
15.062,425.765625,377.59375,147.77612280305343,-2.2238771969465745
15.156,426.8125,375.421875,147.54616018306143,-2.4538398169385687
15.156,427.671875,374.0,147.56729876912306,-2.432701230876944
15.156,428.453125,372.546875,147.52374179951934,-2.4762582004806575
15.156,429.34375,371.140625,147.6170525022537,-2.3829474977463008
15.172,430.8125,368.953125,147.87306584877322,-2.126934151226777
15.25,431.828125,367.484375,148.09724983994892,-1.9027501600510845
15.25,432.875,366.09375,148.40535507205425,-1.594644927945751
15.25,433.828125,364.609375,148.6080024053424,-1.391997594657596
15.266,435.359375,362.4375,149.065763361815,-0.9342366381850127
15.281,436.4375,360.90625,149.41473386287078,-0.5852661371292243
15.359,437.375,359.375,149.6572124890745,-0.34278751092548987
15.359,438.203125,357.921875,149.85008296054176,-0.14991703945824497
15.359,438.875,356.28125,149.84607010716866,-0.15392989283134284
15.359,439.265625,354.78125,149.65259656351816,-0.3474034364818408
15.453,439.703125,353.203125,149.49092161242183,-0.509078387578171
15.469,440.015625,351.578125,149.213532304065,-0.7864676959349879
15.469,440.296875,349.890625,148.90361848409276,-1.0963815159072396
15.469,440.765625,347.1875,148.46420894576116,-1.5357910542388424
15.469,441.078125,345.484375,148.22909877165227,-1.770901228347725
15.562,441.5,343.640625,148.0768521761272,-1.923147823872796
15.562,441.84375,341.90625,147.9046422636051,-2.0953577363949023
15.562,442.140625,340.15625,147.70403410013256,-2.29596589986744
15.562,442.515625,338.390625,147.59587886194942,-2.4041211380505842
15.578,442.75,336.703125,147.39295059386532,-2.607049406134678
15.656,443.015625,335.03125,147.24353116759704,-2.756468832402959
15.656,443.359375,332.390625,146.97300088207103,-3.026999117928966
15.656,443.46875,330.75,146.72710971924207,-3.2728902807579345
15.672,443.75,328.953125,146.63678238172585,-3.363217618274149
15.75,443.984375,327.171875,146.52580330834653,-3.474196691653475
15.75,444.234375,325.453125,146.4630209435346,-3.5369790564654124
15.75,444.453125,323.953125,146.42560404359358,-3.57439595640642
15.75,444.6875,322.296875,146.3954346658926,-3.6045653341074058
15.766,444.859375,320.796875,146.34462250166985,-3.6553774983301537
15.859,445.125,318.65625,146.31924442486198,-3.680755575138022
15.859,445.25,317.359375,146.28366416107653,-3.71633583892347
15.859,445.421875,316.140625,146.3148710962295,-3.6851289037705044
15.859,445.625,314.921875,146.38750963970807,-3.612490360291929
15.891,445.75,313.59375,146.38255544655073,-3.6174445534492747
15.969,445.921875,312.34375,146.4430324992559,-3.5569675007440935
15.969,446.046875,311.015625,146.4617140805277,-3.538285919472287
15.969,446.109375,309.75,146.43432645008693,-3.565673549913072
15.969,446.046875,308.4375,146.29039990209756,-3.709600097902438
16.0,446.125,306.34375,146.2626363397792,-3.737363660220808
16.078,446.21875,304.890625,146.30051628225078,-3.6994837177492172
16.078,446.3125,303.328125,146.35034701792006,-3.6496529820799424
16.078,446.4375,301.78125,146.4483330660083,-3.5516669339916973
16.078,446.59375,300.140625,146.5938174496221,-3.406182550377906
16.172,446.84375,298.46875,146.8517335295195,-3.1482664704805075
16.172,447.0625,295.859375,147.1207792313534,-2.8792207686466043
16.172,447.203125,294.1875,147.31783722962953,-2.682162770370468
16.172,447.21875,292.546875,147.40729094528575,-2.5927090547142484
16.187,447.359375,290.5625,147.66127388940075,-2.3387261105992536
16.266,447.515625,289.03125,147.9228619777995,-2.0771380222005007
16.266,447.640625,287.4375,148.17412242574824,-1.8258775742517628
16.266,447.375,285.59375,148.0774481954038,-1.9225518045961962
16.281,447.40625,283.5,148.32684362266494,-1.6731563773350615
16.297,447.484375,281.796875,148.60348121395492,-1.3965187860450783
16.375,447.640625,279.265625,149.08946460776914,-0.9105353922308552
16.375,447.46875,277.546875,149.1682776223823,-0.8317223776176945
16.375,447.171875,275.78125,149.1512944716811,-0.8487055283189022
16.375,446.78125,274.0,149.0662113007589,-0.9337886992410915
16.406,446.4375,272.0,149.09037999230534,-0.9096200076946559
16.484,446.21875,270.46875,149.1711016856985,-0.8288983143015116
16.484,446.171875,268.859375,149.4521848833474,-0.5478151166526004
16.484,446.296875,267.234375,149.9211853488567,-0.0788146511432899
16.5,446.296875,264.796875,150.47270730777475,0.4727073077747548
16.516,446.125,263.09375,150.71359233348034,0.7135923334803351
16.594,445.875,261.390625,150.8979770006564,0.8979770006563967
16.594,445.453125,258.71875,151.19772873237258,1.1977287323725818
16.687,445.109375,257.046875,151.3330818431854,1.333081843185397
16.687,444.609375,255.359375,151.34284501845883,1.3428450184588314
16.703,443.84375,252.84375,151.37614187224153,1.3761418722415328
16.703,443.15625,251.171875,151.25441383668155,1.2544138366815503
16.703,442.34375,249.375,151.0782373112107,1.0782373112106995
16.703,441.25,246.90625,150.89900194853013,0.8990019485301275
16.781,440.3125,245.15625,150.65004006077297,0.6500400607729659
16.922,439.359375,243.421875,150.40651458266777,0.40651458266776785
16.922,437.90625,240.78125,150.08329067762674,0.08329067762673503
16.922,437.0,238.921875,149.99845783712453,-0.0015421628754666017
16.922,435.953125,237.0,149.84075612885042,-0.1592438711495845
16.922,434.953125,235.234375,149.68945229676757,-0.3105477032324302
16.922,434.515625,234.375,149.66995020424315,-0.33004979575684956
16.922,433.140625,231.90625,149.54325399179035,-0.45674600820964883
16.922,431.609375,229.421875,149.33954371299737,-0.6604562870026314
16.922,430.734375,227.703125,149.39315560428545,-0.6068443957145462
17.0,429.75,226.0625,149.33792688480042,-0.6620731151995756
17.0,428.8125,224.640625,149.23704485361745,-0.7629551463825521
17.0,427.921875,223.125,149.2440006449694,-0.7559993550306103
17.016,426.453125,220.9375,149.1350787994415,-0.8649212005585127
17.328,425.484375,219.421875,149.12800742200054,-0.871992577999464
17.328,424.21875,218.0,148.843198875738,-1.1568011242619889
17.328,423.140625,216.46875,148.7988012450138,-1.2011987549861942
17.328,422.125,215.03125,148.77568383832923,-1.224316161670771
17.328,420.921875,213.546875,148.64804968710908,-1.3519503128909207
17.328,419.84375,212.0,148.68262983301884,-1.3173701669811635
17.328,418.53125,210.453125,148.554030739082,-1.445969260917991
17.328,417.375,208.9375,148.55729376658016,-1.442706233419841
17.328,415.578125,206.6875,148.5446923816722,-1.4553076183277938
17.328,414.34375,205.3125,148.4594753470202,-1.5405246529797978
17.328,413.21875,203.96875,148.46038639355953,-1.5396136064404686
17.328,412.0,202.578125,148.44198101789004,-1.5580189821099566
17.328,410.703125,201.09375,148.45076009851928,-1.5492399014807177
17.328,409.5,199.5625,148.5864778714739,-1.4135221285260968
17.406,408.375,198.078125,148.7723402669852,-1.2276597330148036
17.406,407.21875,196.578125,148.96960958557327,-1.0303904144267335
17.406,406.171875,195.0,149.3233640158687,-0.676635984131309
17.406,405.046875,193.25,149.76784850983748,-0.23215149016252212
17.422,404.03125,191.765625,150.12388520219935,0.12388520219934662
17.516,402.984375,190.21875,150.52476323084892,0.5247632308489187
17.516,401.796875,188.875,150.70291763853024,0.7029176385302378
17.516,400.421875,187.796875,150.57919590129723,0.5791959012972256
17.516,398.390625,186.25,150.39872867777382,0.3987286777738177
17.531,397.03125,185.203125,150.31096429179118,0.3109642917911799
17.609,395.65625,184.09375,150.2809933195978,0.2809933195977976
17.609,394.296875,183.015625,150.25726148478233,0.2572614847823331
17.609,392.984375,181.796875,150.39306085689674,0.39306085689673864
17.625,391.625,180.609375,150.49671744888866,0.4967174488886599
17.641,390.25,179.46875,150.5750468257025,0.5750468257024863
17.719,388.15625,177.71875,150.74557544294626,0.7455754429462615
17.719,386.84375,176.625,150.87487378308722,0.8748737830872244
17.719,385.515625,175.53125,151.01454183522569,1.0145418352256854
17.719,384.140625,174.421875,151.16054463353277,1.1605446335327656
17.734,382.6875,173.40625,151.20582063965824,1.205820639658242
17.844,381.328125,172.296875,151.4012947460531,1.4012947460531109
17.844,379.234375,170.6875,151.6568786369106,1.6568786369105908
17.844,377.796875,169.578125,151.86250109319695,1.8625010931969541
17.844,376.40625,168.515625,152.0725350226106,2.0725350226105945
18.016,375.0,167.546875,152.21310824717307,2.213108247173068
18.016,373.640625,166.53125,152.43637648853087,2.4363764885308683
18.016,371.609375,165.140625,152.69234955714464,2.692349557144638
18.016,370.25,164.265625,152.83613138469786,2.8361313846978646
18.016,368.875,163.3125,153.05959062159417,3.059590621594168
18.016,367.515625,162.375,153.29383628881047,3.2938362888104677
18.016,366.03125,161.421875,153.50577417503916,3.505774175039164
18.016,364.546875,160.5625,153.65258044860693,3.652580448606926
18.031,362.328125,159.234375,153.94725183534862,3.9472518353486237
18.141,360.859375,158.484375,154.04718642198972,4.047186421989721
18.234,359.40625,157.75,154.1563006790916,4.156300679091601
18.234,357.9375,157.0,154.2911335957125,4.291133595712495
18.234,355.625,156.015625,154.35556636914856,4.355566369148562
18.234,354.0,155.453125,154.30424191274076,4.304241912740764
18.234,352.375,154.875,154.28676628278913,4.286766282789131
18.234,350.71875,154.453125,154.13073808889686,4.130738088896862
18.234,349.03125,154.078125,153.93913433587355,3.939134335873547
18.234,347.1875,153.734375,153.68894954709862,3.688949547098616
18.25,345.453125,153.46875,153.41901381128784,3.41901381128784
18.328,343.625,153.078125,153.26179556078424,3.261795560784236
18.328,341.8125,152.703125,153.11647377410318,3.1164737741031843
18.328,339.984375,152.359375,152.95915923713508,2.9591592371350828
18.344,338.046875,152.0,152.8121876594456,2.8121876594456126
18.344,336.28125,151.6875,152.6857123565021,2.6857123565021084
18.422,333.609375,151.09375,152.6520926058766,2.6520926058765895
18.422,331.765625,150.859375,152.4860024954135,2.486002495413487
18.422,329.984375,150.53125,152.44661351011746,2.4466135101174586
18.531,328.15625,150.171875,152.45078371421423,2.450783714214225
18.531,326.328125,149.9375,152.35459977390124,2.354599773901242
18.531,324.703125,149.96875,152.05137408562976,2.05137408562976
18.531,323.25,150.109375,151.6830971561783,1.6830971561782917
18.531,321.859375,150.234375,151.35248497144423,1.3524849714442269
18.547,320.515625,150.34375,151.0558970487519,1.0558970487518877
18.75,319.28125,150.390625,150.8467158722825,0.8467158722824877
18.75,318.015625,150.375,150.70568459464502,0.705684594645021
18.75,316.703125,150.265625,150.6631256857704,0.6631256857704102
18.75,315.171875,150.125,150.64096858429855,0.6409685842985482
18.75,313.0625,149.828125,150.73891649891087,0.7389164989108679
18.75,311.734375,149.65625,150.80099045000708,0.8009904500070775
18.75,310.328125,149.640625,150.7136749482483,0.7136749482482969
18.75,308.9375,149.59375,150.67155984230234,0.6715598423023437
18.75,306.65625,149.609375,150.53785488026966,0.5378548802696628
18.844,305.0625,149.546875,150.53827330122937,0.538273301229367
18.844,303.390625,149.515625,150.52256793262347,0.522567932623474
18.844,300.84375,149.28125,150.72111171174728,0.7211117117472838
18.844,299.109375,149.203125,150.79950504778273,0.7995050477827306
18.844,297.4375,149.03125,150.99049600161098,0.9904960016109783
18.937,295.71875,148.875,151.1856300266745,1.1856300266744881
18.953,293.140625,148.5625,151.59276840153234,1.5927684015323393
18.953,291.390625,148.40625,151.83802678167655,1.8380267816765468
18.953,289.625,148.390625,151.9639536630007,1.9639536630006944
19.062,287.796875,148.234375,152.25544716497419,2.2554471649741856
19.062,285.765625,148.171875,152.49392437948552,2.49392437948552
19.062,282.890625,148.484375,152.47857335386914,2.4785733538691375
19.062,281.1875,149.0,152.1673754661294,2.167375466129414
19.062,279.453125,149.4375,151.95802209332558,1.9580220933255816
19.078,277.796875,149.90625,151.72709892708068,1.7270989270806751
19.141,276.015625,150.4375,151.47340245201673,1.4734024520167281
19.141,273.234375,151.234375,151.15425850197292,1.1542585019729188
19.141,271.609375,151.796875,150.89795839459276,0.8979583945927629
19.156,269.84375,152.375,150.67362091309315,0.6736209130931456
19.172,267.984375,152.953125,150.49180606068307,0.491806060683075
19.25,266.25,153.625,150.21552225053176,0.21552225053176244
19.25,264.625,154.21875,150.01187778493576,0.011877784935762747
19.25,262.84375,154.734375,149.94228463213145,-0.05771536786855336
19.266,260.984375,155.296875,149.8706554963521,-0.12934450364789996
19.344,259.109375,155.734375,149.9487037941017,-0.05129620589829642
19.344,256.3125,156.34375,150.1523087411995,0.152308741199505
19.344,254.484375,156.625,150.42627012639988,0.42627012639988493
19.359,252.59375,156.875,150.7717419281959,0.7717419281958939
19.375,250.65625,157.15625,151.12624715159507,1.1262471515950665
19.453,248.671875,157.296875,151.65341506468377,1.6534150646837702
19.453,246.75,157.5,152.12433237322688,2.1243323732268777
19.453,245.03125,157.84375,152.4137883874848,2.4137883874848
19.453,242.5625,158.953125,152.29342518150816,2.293425181508155
19.484,240.890625,159.71875,152.2259745064985,2.2259745064984884
19.562,239.328125,160.40625,152.20871018137603,2.208710181376034
19.562,237.703125,161.109375,152.22189838409008,2.221898384090082
19.562,236.046875,161.8125,152.26879967188165,2.268799671881652
19.562,234.4375,162.53125,152.302654713608,2.302654713608007
19.578,232.859375,163.265625,152.32909384628812,2.329093846288117
19.656,231.21875,164.03125,152.37572420869736,2.3757242086973633
19.656,229.65625,164.828125,152.38004775914112,2.380047759141121
19.656,227.359375,166.09375,152.34022511947762,2.3402251194776227
19.672,225.921875,166.984375,152.25217600302548,2.2521760030254825
19.766,224.5,167.859375,152.18868149567044,2.188681495670437
19.766,223.09375,168.71875,152.14906470506153,2.1490647050615337
19.766,221.0,170.203125,151.94811206384114,1.9481120638411369
19.766,219.609375,171.171875,151.85301570566932,1.8530157056693213
19.781,218.3125,172.234375,151.64729667188473,1.6472966718847317
19.859,216.84375,173.421875,151.44960760126824,1.4496076012682408
19.859,215.40625,174.546875,151.30958036862083,1.3095803686208285
19.859,214.09375,175.65625,151.13322584106052,1.133225841060522
19.859,212.859375,177.0,150.73980405118823,0.73980405118823
19.891,211.546875,177.9375,150.74219458570857,0.7421945857085746
19.969,210.140625,179.03125,150.69222193581567,0.6922219358156667
19.969,208.796875,180.03125,150.70006962947338,0.7000696294733757
19.969,207.390625,180.9375,150.83890494212898,0.8389049421289769
19.969,206.0,181.921875,150.92529146407378,0.9252914640737799
20.062,204.53125,182.984375,151.01966335779963,1.0196633577996295
20.062,203.109375,184.0,151.14163295694084,1.141632956940839
20.062,201.015625,185.75,151.1653696920714,1.1653696920714083
20.062,199.703125,186.8125,151.23119152812234,1.2311915281223378
20.078,198.390625,187.96875,151.2463753762487,1.246375376248693
20.172,197.09375,189.265625,151.16811203326952,1.168112033269523
20.172,195.875,190.53125,151.08084872531825,1.0808487253182477
20.172,194.6875,191.921875,150.90263006245326,0.9026300624532553
20.172,193.5,193.203125,150.82381280741322,0.8238128074132192
20.187,192.328125,194.640625,150.64471635741577,0.6447163574157742
20.266,191.234375,196.15625,150.37780951890184,0.37780951890184156
20.266,190.1875,197.59375,150.1526729542718,0.15267295427179306
20.266,189.21875,199.015625,149.901065192023,-0.09893480797700249
20.266,188.265625,200.453125,149.64675365308213,-0.3532463469178708
20.375,186.71875,202.53125,149.44162347928705,-0.5583765207129545
20.375,185.671875,203.859375,149.3785123148783,-0.621487685121707
20.375,184.53125,205.171875,149.41688498151112,-0.5831150184888827
20.375,183.359375,206.390625,149.5585186082065,-0.4414813917935021
20.391,182.171875,207.6875,149.68321448066789,-0.3167855193321145
20.406,181.078125,208.984375,149.7539860826958,-0.24601391730419664
20.469,180.0625,210.375,149.72523010919033,-0.2747698908096652
20.469,179.046875,211.84375,149.67024708113541,-0.32975291886458535
20.469,178.09375,213.140625,149.68528589829103,-0.3147141017089723
20.484,177.078125,214.5625,149.6975409275838,-0.3024590724162124
20.5,176.296875,216.0625,149.49236449068437,-0.5076355093156337
20.578,175.046875,218.28125,149.30250349149583,-0.6974965085041731
20.578,174.15625,219.703125,149.27905931117104,-0.7209406888289607
20.578,173.328125,221.09375,149.23793152237846,-0.7620684776215398
20.594,172.46875,222.578125,149.1923806870784,-0.8076193129215881
20.672,171.609375,224.078125,149.15858571133694,-0.84141428866306
20.672,170.890625,225.5,149.06200291452757,-0.937997085472432
20.672,169.546875,227.828125,149.08654319985172,-0.9134568001482819
20.672,168.65625,229.3125,149.15731064990578,-0.8426893500942185
20.703,167.765625,230.828125,149.23363636478288,-0.7663636352171181
20.781,166.734375,232.34375,149.45599677063188,-0.5440032293681156
20.781,165.90625,233.765625,149.5597747414161,-0.4402252585838937
20.781,165.03125,235.1875,149.7238245330799,-0.2761754669201082
20.781,164.15625,236.703125,149.86667007319582,-0.13332992680417988
20.812,163.03125,238.96875,149.95083178537223,-0.04916821462776966
20.891,162.234375,240.53125,150.05298950105302,0.052989501053019694
20.891,161.59375,242.109375,150.02537952610928,0.025379526109276185
20.891,161.0,243.6875,149.9736565409072,-0.026343459092800003
20.891,160.421875,245.328125,149.90352529053894,-0.09647470946106296
20.922,159.90625,246.9375,149.80616708037257,-0.19383291962742533
20.984,159.359375,249.0,149.60209022734483,-0.3979097726551686
20.984,158.8125,250.078125,149.7534766199624,-0.246523380037587
20.984,158.265625,251.796875,149.70696148277892,-0.29303851722107765
21.0,157.640625,253.359375,149.80500509255774,-0.19499490744226478
21.094,156.875,255.765625,149.8046913705997,-0.19530862940030147
21.094,156.359375,257.328125,149.84498011747425,-0.1550198825257496
21.094,155.96875,258.9375,149.77025700322645,-0.22974299677355248
21.094,155.65625,260.59375,149.62610301389594,-0.3738969861040573
21.125,155.4375,262.21875,149.41800178630587,-0.5819982136941348
21.203,155.375,263.859375,149.0722489277955,-0.9277510722045008
21.203,155.203125,266.453125,148.6321897572368,-1.3678102427631984
21.203,155.0625,268.015625,148.42465816160947,-1.5753418383905284
21.203,154.921875,269.6875,148.21103201099987,-1.7889679890001275
21.219,154.734375,271.375,148.05908425909107,-1.9409157409089346
21.312,154.484375,273.9375,147.8311571536617,-2.1688428463382934
21.312,154.21875,275.671875,147.7972615361263,-2.202738463873686
21.312,153.875,277.375,147.86617682891514,-2.133823171084856
21.312,153.484375,279.140625,147.9930467776485,-2.0069532223515125
21.391,153.265625,280.953125,147.96540221925613,-2.0345977807438658
21.391,153.140625,282.71875,147.87263988633302,-2.127360113666981
21.391,153.0625,284.390625,147.7642767861726,-2.235723213827413
21.391,153.0,286.171875,147.64896559412676,-2.3510344058732358
21.5,152.8125,288.015625,147.67459294134053,-2.325407058659465
21.516,152.765625,289.671875,147.59617660243185,-2.4038233975681464
21.516,152.640625,290.5,147.66528163515832,-2.3347183648416774
21.516,152.375,292.796875,147.80062799178367,-2.1993720082163293
21.516,152.125,294.53125,147.97608878316288,-2.0239112168371207
21.516,151.953125,296.3125,148.092791362428,-1.9072086375720119
21.609,151.90625,298.0625,148.10642354507283,-1.893576454927171
21.609,151.9375,301.140625,148.0668934355031,-1.93310656449691
21.609,151.921875,302.984375,148.10819557896264,-1.8918044210373637
21.625,151.6875,306.71875,148.46460607771974,-1.5353939222802637
21.703,151.59375,308.4375,148.64590961514043,-1.3540903848595747
21.703,151.359375,310.96875,149.04478815763107,-0.9552118423689251
21.703,151.1875,312.609375,149.34576155398796,-0.6542384460120445
21.719,151.0,314.453125,149.69934142228425,-0.3006585777157511
21.734,150.96875,315.96875,149.8843369172543,-0.11566308274569792
21.812,150.921875,318.28125,150.19484496838805,0.19484496838805399
21.812,150.984375,319.953125,150.34554762747797,0.34554762747796985
21.812,150.890625,321.671875,150.67606272698478,0.6760627269847816
21.828,150.90625,323.28125,150.90050659499127,0.9005065949912705
21.906,150.96875,325.0,151.11357806816204,1.1135780681620417
21.906,151.359375,327.84375,151.2260222794117,1.2260222794116942
21.906,151.84375,329.703125,151.1044342460807,1.1044342460807002
21.922,152.265625,331.46875,151.04875962153125,1.0487596215312465
21.937,152.796875,333.109375,150.88071686818117,0.8807168681811675
22.0,153.546875,335.0625,150.5918215857542,0.5918215857541895
22.0,154.359375,337.03125,150.27476543636035,0.27476543636035444
22.0,155.15625,339.0,150.00237302810413,0.002373028104130981
22.016,155.90625,340.96875,149.80469707464115,-0.19530292535884541
22.047,157.03125,343.8125,149.53126306165044,-0.468736938349565
22.109,157.640625,345.578125,149.4776141397308,-0.5223858602691962
22.109,158.21875,347.421875,149.50169591037462,-0.4983040896253783
22.125,158.828125,349.203125,149.500654850677,-0.49934514932300544
22.125,159.4375,351.09375,149.56064888637152,-0.4393511136284758
22.203,159.84375,351.921875,149.46456274842583,-0.5354372515741659
22.203,161.0,354.8125,149.41690050409292,-0.5830994959070779
22.203,161.828125,356.671875,149.34245363268695,-0.6575463673130457
22.219,162.578125,358.234375,149.2515130916811,-0.7484869083189096
22.234,163.6875,360.796875,149.2560138353414,-0.7439861646585939
22.312,164.3125,362.390625,149.34419220090425,-0.6558077990957543
22.312,165.015625,364.078125,149.42150982256956,-0.5784901774304387
22.312,165.765625,365.703125,149.45155759110125,-0.548442408898751
22.312,166.375,367.3125,149.62156689879305,-0.3784331012069515
22.344,167.34375,368.828125,149.44895936431985,-0.5510406356801525
22.422,168.265625,370.09375,149.22157801639523,-0.7784219836047725
22.422,169.203125,371.390625,149.0115560876278,-0.9884439123721904
22.422,170.125,372.65625,148.8168212570827,-1.1831787429173062
22.422,171.171875,373.84375,148.49102735545378,-1.508972644546219
22.453,172.203125,375.078125,148.2186429342856,-1.7813570657143885
22.516,173.65625,377.171875,148.04810520597056,-1.9518947940294424
22.516,174.546875,378.5,147.98897449562122,-2.011025504378779
22.516,175.5625,379.984375,147.92630479529538,-2.07369520470462
22.625,176.359375,381.515625,148.09389342417617,-1.9061065758238271
22.625,177.15625,382.984375,148.24639425025867,-1.7536057497413253
22.625,178.078125,384.5625,148.37708721283627,-1.6229127871637274
22.625,178.953125,386.109375,148.55022857658702,-1.449771423412983
22.625,179.828125,387.734375,148.79045701138313,-1.2095429886168745
22.641,181.25,390.015625,149.01132589216374,-0.9886741078362604
22.719,182.1875,391.46875,149.151994230089,-0.8480057699109977
22.719,183.28125,393.015625,149.24869545729075,-0.7513045427092493
22.719,184.296875,394.625,149.46940743766137,-0.5305925623386258
22.719,185.265625,396.09375,149.65956566722733,-0.34043433277267354
22.75,186.3125,397.703125,149.90246259156527,-0.09753740843473224
22.828,187.453125,399.09375,149.95456098874794,-0.04543901125205707
22.828,189.109375,401.078125,150.04505345530805,0.04505345530805016
22.828,190.4375,402.265625,149.87394524363006,-0.12605475636993901
22.844,191.6875,403.40625,149.74795556304767,-0.2520444369523318
22.844,192.984375,404.65625,149.683915830002,-0.3160841699979926
22.922,194.296875,405.828125,149.575207423494,-0.42479257650600744
22.922,196.25,407.46875,149.37735680672122,-0.6226431932787762
22.922,197.640625,408.484375,149.1519402137674,-0.8480597862325965
22.937,199.109375,409.484375,148.88165293961256,-1.1183470603874355
23.031,200.46875,410.5,148.7169113670752,-1.2830886329248017
23.031,201.8125,411.5,148.56996720821473,-1.4300327917852655
23.031,203.25,412.53125,148.40432853041216,-1.5956714695878418
23.031,204.703125,413.625,148.29745449523273,-1.7025455047672722
23.047,206.078125,414.671875,148.22603522840126,-1.7739647715987417
23.141,207.515625,415.75,148.16012324218897,-1.8398767578110267
23.141,209.75,417.265625,147.9739480673562,-2.02605193264381
23.141,211.25,418.28125,147.87500330198642,-2.1249966980135753
23.141,212.734375,419.265625,147.78219992029233,-2.217800079707672
23.156,214.109375,420.203125,147.73622007705575,-2.263779922944252
23.234,215.59375,421.21875,147.71052904456405,-2.289470955435945
23.234,216.96875,422.234375,147.76816608526724,-2.2318339147327606
23.234,218.375,423.328125,147.8934313653437,-2.1065686346562984
23.25,219.734375,424.59375,148.2098954041299,-1.7901045958701047
23.266,221.171875,425.734375,148.40150385914643,-1.5984961408535696
23.344,222.515625,426.859375,148.65103226863664,-1.3489677313633592
23.344,224.609375,428.5,148.98320824136735,-1.0167917586326496
23.344,225.90625,429.515625,149.21186584250975,-0.7881341574902478
23.344,227.234375,430.546875,149.4567588097181,-0.5432411902818899
23.375,228.703125,431.640625,149.70804432346395,-0.29195567653604826
23.437,229.96875,432.75,150.08976806085917,0.08976806085917133
23.437,231.21875,433.859375,150.4964870917362,0.4964870917362134
23.437,232.484375,434.9375,150.8856803192093,0.8856803192093139
23.453,233.90625,436.0,151.20973443883332,1.2097344388333227
23.547,235.984375,437.484375,151.65735594847106,1.6573559484710643
23.547,237.34375,438.484375,151.99910454737267,1.9991045473726672
23.547,238.6875,439.40625,152.29354942121645,2.293549421216454
23.547,239.984375,440.390625,152.68072187421453,2.6807218742145267
23.562,241.3125,441.4375,153.12997440899676,3.129974408996759
23.641,242.671875,442.453125,153.55587497155963,3.555874971559632
23.641,243.984375,443.484375,154.03089337298945,4.030893372989453
23.641,245.25,444.5,154.5244721718861,4.524472171886089
23.656,246.609375,445.390625,154.88380378781136,4.88380378781136
23.734,247.9375,446.296875,155.28451159409178,5.284511594091782
23.734,249.96875,447.53125,155.78381078637472,5.7838107863747155
23.734,251.484375,448.28125,156.01632917968274,6.016329179682742
23.734,253.015625,448.78125,156.0236900143793,6.023690014379298
23.75,254.640625,449.265625,156.0054476838269,6.005447683826901
23.781,256.265625,449.703125,155.96063987880484,5.960639878804841
23.859,258.015625,450.0,155.76484758808908,5.764847588089083
23.859,259.90625,450.234375,155.49236708180607,5.492367081806066
23.859,261.5625,450.390625,155.2249383769909,5.224938376990906
23.859,264.25,450.53125,154.7181945556582,4.718194555658187
23.891,266.125,450.484375,154.25000079137965,4.250000791379648
23.937,268.171875,450.421875,153.7523008593083,3.752300859308292
23.953,270.140625,450.484375,153.4181521024525,3.4181521024524955
23.953,272.984375,450.484375,152.89012758605853,2.890127586058526
23.969,274.9375,450.5,152.5725365400012,2.5725365400012095
24.062,276.828125,450.4375,152.21161978398897,2.211619783988965
24.062,278.65625,450.421875,151.92858895737209,1.9285889573720851
24.062,280.515625,450.484375,151.74052849611817,1.7405284961181735
24.062,282.390625,450.484375,151.51117848868859,1.5111784886885857
24.078,285.015625,450.5625,151.30630489305668,1.3063048930566765
24.156,286.953125,450.515625,151.08002619938298,1.080026199382985
24.156,288.796875,450.421875,150.83849140150286,0.8384914015028642
24.156,290.546875,450.3125,150.60945929295286,0.609459292952863
24.172,292.3125,450.265625,150.4621404636084,0.46214046360839234
24.187,294.09375,450.15625,150.2723634043366,0.2723634043366019
24.266,295.90625,450.03125,150.08709060283965,0.08709060283965186
24.266,297.765625,449.96875,149.9853939828913,-0.01460601710869014
24.266,298.65625,449.984375,149.99039438645104,-0.009605613548956171
24.266,302.125,449.84375,149.8588170214302,-0.14118297856978756
24.297,303.9375,449.765625,149.81737662197474,-0.18262337802525508
24.375,305.828125,449.671875,149.78530370844547,-0.21469629155453163
24.375,307.65625,449.671875,149.8675693072992,-0.1324306927008081
24.375,309.625,449.609375,149.91866365763346,-0.08133634236654075
24.375,311.453125,449.75,150.18733825547886,0.1873382554788634
24.469,314.15625,449.875,150.54207066153467,0.542070661534666
24.469,315.9375,449.84375,150.68892899052835,0.6889289905283533
24.469,317.734375,449.6875,150.7343879573955,0.7343879573955121
24.469,319.484375,449.484375,150.7488614825374,0.7488614825373929
24.484,321.234375,449.25,150.7529806724916,0.7529806724915886
24.578,323.046875,449.0,150.77187551816692,0.7718755181669223
24.578,324.828125,448.765625,150.8232308785893,0.8232308785892997
24.578,326.46875,448.484375,150.8250786364891,0.8250786364891098
24.672,328.203125,448.203125,150.86279368860716,0.8627936886071552
24.672,330.75,447.8125,150.97714282715117,0.9771428271511695
24.672,332.46875,447.515625,151.0466131553539,1.0466131553538958
24.672,334.109375,447.140625,151.04242115472476,1.0424211547247637
24.672,335.65625,446.5625,150.83744419179376,0.8374441917937645
24.687,337.171875,446.0625,150.71828753427909,0.7182875342790851
24.781,338.75,445.546875,150.61691579057654,0.6169157905765417
24.781,340.375,444.984375,150.50119474323327,0.5011947432332704
24.781,342.921875,444.140625,150.39550235597557,0.39550235597556593
24.781,344.609375,443.671875,150.43804041500357,0.43804041500357016
24.781,346.28125,443.203125,150.49614317758488,0.4961431775848837
25.0,347.953125,442.78125,150.61868260221945,0.6186826022194509
25.0,349.609375,442.28125,150.68193053399975,0.681930533999747
25.0,351.25,441.796875,150.77438860683742,0.7743886068374195
25.0,353.703125,440.8125,150.705626275251,0.7056262752510065
25.0,355.265625,440.203125,150.70237412332378,0.7023741233237786
25.0,356.9375,439.5625,150.7301241043077,0.7301241043076914
25.0,358.640625,438.90625,150.77688546144307,0.7768854614430722
25.0,360.21875,438.171875,150.72413506992874,0.7241350699287352
25.0,361.8125,437.5625,150.81189131663325,0.8118913166332504
25.0,363.390625,436.890625,150.85560828415115,0.8556082841511454
25.094,365.015625,436.234375,150.95309346211243,0.9530934621124345
25.094,366.640625,435.5625,151.0568247602227,1.0568247602226961
25.094,369.09375,434.625,151.32031229832464,1.3203122983246374
25.187,370.640625,433.9375,151.424409546944,1.4244095469439912
25.187,372.28125,433.046875,151.41350682428606,1.4135068242860598
25.187,373.875,432.234375,151.4709396440143,1.470939644014294
25.187,375.328125,431.296875,151.3710533780526,1.3710533780526077
25.187,376.859375,430.3125,151.2901556005566,1.2901556005566022
25.219,379.0,428.828125,151.12142730604296,1.1214273060429605
25.281,380.421875,427.78125,150.98253485114802,0.9825348511480172
25.281,381.8125,426.6875,150.80785063285,0.8078506328500055
25.281,383.0,425.640625,150.58076454312027,0.5807645431202673
25.281,384.4375,424.421875,150.36786353727857,0.36786353727856635
25.406,384.984375,423.921875,150.26301972759714,0.26301972759713976
25.406,387.046875,422.046875,149.9086326551318,-0.0913673448681891
25.406,389.0,420.296875,149.64069678655477,-0.3593032134452301
25.406,390.265625,419.0,149.36158494285144,-0.6384150571485634
25.406,391.5625,417.765625,149.17249692182077,-0.8275030781792339
25.406,392.859375,416.609375,149.06579038559198,-0.9342096144080188
25.484,394.1875,415.421875,148.97481124259102,-1.0251887574089835
25.484,395.546875,414.15625,148.8652233946133,-1.1347766053866906
25.484,396.828125,412.953125,148.77531461328272,-1.224685386717283
25.5,398.125,411.875,148.81038690225895,-1.189613097741045
25.531,400.125,410.203125,148.89507844373375,-1.1049215562662482
25.594,401.421875,409.078125,148.9443992972923,-1.055600702707693
25.594,402.75,407.953125,149.03502842374212,-0.9649715762578808
25.594,404.078125,406.8125,149.13472519760657,-0.8652748023934294
25.609,405.40625,405.625,149.22170808586296,-0.7782919141370428
25.687,406.8125,404.359375,149.33113977546887,-0.6688602245311301
25.687,407.9375,403.109375,149.2717224364368,-0.7282775635632106
25.687,409.0625,401.890625,149.25256570371118,-0.7474342962888159
25.687,410.21875,400.515625,149.1695804133776,-0.830419586622412
25.719,411.359375,399.265625,149.17967256644334,-0.8203274335566562
25.797,413.140625,397.328125,149.24330786137867,-0.7566921386213323
25.797,414.28125,396.015625,149.26219998949207,-0.7378000105079252
25.797,415.4375,394.703125,149.31342301017557,-0.6865769898244309
25.828,416.515625,393.390625,149.32414308152332,-0.6758569184766827
25.828,417.609375,392.078125,149.3664828246493,-0.6335171753507041
25.906,419.328125,390.140625,149.54776391309318,-0.45223608690682227
25.906,419.84375,389.53125,149.594014387692,-0.405985612308001
25.906,421.46875,387.375,149.62970243759258,-0.3702975624074156
25.906,422.640625,386.03125,149.80687192833688,-0.19312807166312496
25.922,423.78125,384.65625,149.9615901343574,-0.03840986564259197
26.016,424.84375,383.09375,149.96844069044994,-0.0315593095500617
26.016,425.6875,381.546875,149.82403171225778,-0.17596828774222217
26.016,426.515625,379.140625,149.22949405037616,-0.7705059496238391
26.016,426.9375,377.5625,148.75842938301008,-1.241570616989918
26.125,427.40625,375.96875,148.3361166932214,-1.6638833067785868
26.125,427.984375,374.34375,148.0101125200678,-1.9898874799322073
26.125,428.53125,372.765625,147.69941911938287,-2.300580880617133
26.125,429.328125,370.4375,147.2657642572286,-2.7342357427714035
26.141,430.046875,368.890625,147.16693891685134,-2.833061083148664
26.219,430.78125,367.328125,147.0945674305415,-2.9054325694584975
26.219,431.546875,365.765625,147.07038367362156,-2.9296163263784365
26.219,432.40625,364.28125,147.18523750915034,-2.8147624908496596
26.219,433.265625,362.734375,147.2933420534725,-2.706657946527514
26.234,434.203125,361.140625,147.47425126155497,-2.5257487384450314
26.328,435.125,359.609375,147.68900843627674,-2.310991563723263
26.328,436.625,357.3125,148.15908099488874,-1.8409190051112603
26.328,437.484375,355.8125,148.38122699786055,-1.6187730021394486
26.328,438.28125,354.28125,148.5535533170614,-1.446446682938614
26.391,438.921875,352.671875,148.5719144708422,-1.428085529157812
26.422,439.53125,350.96875,148.548925284315,-1.451074715684996
26.422,439.9375,349.3125,148.37191972371323,-1.6280802762867665
26.422,440.5,346.859375,148.10824090978403,-1.8917590902159702
26.422,440.875,345.234375,147.95916432124312,-2.0408356787568778
26.516,441.0625,343.65625,147.66345881873585,-2.3365411812641526
26.516,441.390625,342.03125,147.5057111248684,-2.4942888751315877
26.516,442.0625,339.734375,147.51465846786422,-2.4853415321357772
26.516,442.5625,338.0625,147.55615985955993,-2.4438401404400736
26.547,443.0,336.421875,147.56541931806254,-2.4345806819374616
26.594,443.546875,334.84375,147.71524036580695,-2.284759634193051
26.594,444.078125,333.25,147.86503509456057,-2.134964905439432
26.594,444.5625,331.625,147.9812725693694,-2.018727430630605
26.641,444.875,329.875,147.92322755402546,-2.076772445974541
26.641,445.0,328.09375,147.69650906186814,-2.3034909381318585
26.719,445.15625,326.3125,147.5218104902204,-2.478189509779611
26.719,445.4375,323.71875,147.35890033456582,-2.641099665434183
26.719,445.703125,322.0,147.35467632472893,-2.6453236752710723
26.734,446.125,320.34375,147.534347828099,-2.465652171901013
26.812,446.640625,318.9375,147.8583842960575,-2.141615703942506
26.828,447.203125,317.5,148.2397045658336,-1.7602954341664088
26.828,447.53125,316.046875,148.40138787702804,-1.5986121229719572
26.828,447.890625,313.9375,148.54592175196404,-1.4540782480359553
26.859,448.15625,312.578125,148.68921831315856,-1.3107816868414375
26.906,448.421875,311.15625,148.8405687055049,-1.159431294495107
26.906,448.640625,309.71875,148.95801254700308,-1.0419874529969206
26.906,448.953125,308.109375,149.1737088436037,-0.8262911563963087
26.937,449.21875,305.84375,149.33313351572383,-0.66686648427617
27.031,449.40625,304.3125,149.4684755903816,-0.5315244096184131
27.031,449.46875,302.765625,149.4943340337791,-0.5056659662209029
27.031,449.484375,301.125,149.48860824203504,-0.5113917579649581
27.031,449.390625,299.5,149.39146173021612,-0.6085382697838781
27.047,449.28125,297.359375,149.30460308360597,-0.6953969163940315
27.125,449.125,295.703125,149.1868920507617,-0.8131079492382867
27.125,448.75,293.296875,148.90095494913933,-1.099045050860667
27.125,448.65625,291.734375,148.88586642359013,-1.1141335764098699
27.125,448.21875,290.265625,148.53806215311658,-1.4619378468834157
27.156,448.15625,288.609375,148.59347479601223,-1.4065252039877691
27.234,448.078125,286.0625,148.7325956532919,-1.2674043467081049
27.234,448.0,284.265625,148.83403695606938,-1.165963043930617
27.234,447.96875,282.546875,148.99450509608778,-1.005494903912222
27.234,447.875,280.8125,149.11463972813,-0.8853602718700131
27.266,447.71875,279.078125,149.19300906905164,-0.8069909309483592
27.328,447.5625,277.203125,149.31305674995616,-0.6869432500438393
27.328,447.453125,276.265625,149.35107843235096,-0.6489215676490403
27.328,447.078125,272.765625,149.57836085195026,-0.421639148049735
27.344,446.890625,270.953125,149.7350214884823,-0.264978511517711
27.422,446.671875,269.28125,149.85419753072694,-0.14580246927306462
27.437,446.296875,267.6875,149.82280631137445,-0.1771936886255503
27.437,445.875,266.046875,149.77426455257802,-0.22573544742198237
27.437,445.328125,264.265625,149.6569726830536,-0.3430273169464044
27.453,444.921875,262.546875,149.6832870623212,-0.31671293767880115
27.547,444.15625,260.0625,149.58619027274042,-0.41380972725957577
27.547,443.671875,258.375,149.58024030939256,-0.41975969060743523
27.547,443.15625,256.65625,149.57403711247818,-0.42596288752181977
27.547,442.515625,254.828125,149.50318277600732,-0.4968172239926787
27.562,441.859375,252.984375,149.4474866618079,-0.5525133381921137
27.844,441.125,251.203125,149.3231416585039,-0.6768583414960858
27.844,440.390625,249.40625,149.2288682760582,-0.7711317239418065
27.844,439.140625,246.75,148.98213324217983,-1.0178667578201726
27.844,438.21875,244.984375,148.76539196232142,-1.2346080376785835
27.844,437.375,243.125,148.68307317916185,-1.3169268208381482
27.844,436.53125,241.375,148.58557417045068,-1.414425829549316
27.844,435.734375,239.765625,148.4991598908265,-1.5008401091735095
27.844,435.0,238.140625,148.49775175197308,-1.5022482480269161
27.844,433.78125,235.8125,148.38280900364603,-1.617190996353969
27.844,432.8125,234.296875,148.1757766674959,-1.82422333250409
27.844,432.09375,232.84375,148.18475192517278,-1.815248074827224
27.844,431.484375,231.375,148.3156481769224,-1.6843518230776056
27.844,430.953125,229.984375,148.49548374077324,-1.5045162592267616
28.047,430.296875,228.484375,148.63297162442205,-1.367028375577945
28.047,429.453125,227.078125,148.578973700121,-1.4210262998790029
28.047,428.625,225.546875,148.61917254266228,-1.3808274573377162
28.047,427.8125,224.03125,148.68519137026558,-1.314808629734415
28.047,426.875,222.578125,148.63180128598194,-1.3681987140180638
28.047,425.890625,221.015625,148.61689324242803,-1.3831067575719658
28.047,424.3125,218.640625,148.56966566779582,-1.4303343322041826
28.047,423.25,216.921875,148.6355857576362,-1.3644142423638073
28.047,422.234375,215.234375,148.7496339937724,-1.2503660062276083
28.047,421.265625,213.578125,148.90967827900323,-1.0903217209967693
28.187,420.296875,211.921875,149.09424616088057,-0.9057538391194271
28.187,419.234375,210.25,149.23772539690032,-0.7622746030996836
28.187,418.25,208.625,149.44046682542182,-0.5595331745781777
28.187,417.265625,206.984375,149.6767627281578,-0.32323727184220274
28.187,416.078125,205.484375,149.69079621892672,-0.30920378107327906
28.25,414.8125,203.96875,149.67936107831466,-0.3206389216853438
28.25,413.546875,202.453125,149.6939733073154,-0.30602669268461113
28.25,412.328125,200.90625,149.7904501464567,-0.20954985354330802
28.25,410.421875,198.6875,149.85730924704882,-0.14269075295118228
28.281,409.140625,197.234375,149.90813756107855,-0.09186243892145285
28.375,407.921875,195.890625,149.95296951513248,-0.04703048486751982
28.375,406.5,194.59375,149.8423422770163,-0.15765772298371417
28.375,405.140625,193.234375,149.8447520169834,-0.1552479830166078
28.375,403.921875,192.0,149.87913831989968,-0.12086168010031884
28.469,402.5625,190.828125,149.79173774699868,-0.2082622530013225
28.469,401.125,189.453125,149.8228193476068,-0.17718065239319003
28.469,399.890625,188.234375,149.89893893730954,-0.10106106269046222
28.469,398.703125,187.078125,149.97885430380262,-0.021145696197379493
28.469,397.3125,185.8125,150.02835669465955,0.02835669465954993
28.484,395.96875,184.59375,150.095314769066,0.09531476906599323
28.594,394.625,183.4375,150.13562878694052,0.13562878694051506
28.594,393.265625,182.3125,150.16266001536675,0.1626600153667539
28.594,391.90625,181.21875,150.1856988552006,0.1856988552005987
28.594,389.90625,179.515625,150.33169462293415,0.3316946229341511
28.594,388.4375,178.453125,150.3157817014422,0.3157817014422051
28.687,387.21875,177.4375,150.4283110249281,0.42831102492809237
28.687,385.8125,176.328125,150.52746534192897,0.5274653419289734
28.687,384.46875,175.15625,150.7346398165498,0.7346398165497874
28.687,382.515625,173.671875,150.88944143032757,0.8894414303275653
28.797,381.171875,172.59375,151.066958101625,1.066958101625005
28.797,379.765625,171.578125,151.177818843097,1.1778188430969863
28.797,378.46875,170.625,151.311715843693,1.3117158436930083
28.906,377.109375,169.578125,151.51145564414017,1.5114556441401703
28.906,375.765625,168.640625,151.64338209111287,1.6433820911128691
28.906,374.328125,167.53125,151.89680672278178,1.8968067227817755
28.906,372.890625,166.609375,152.0069144834578,2.006914483457791
28.906,371.4375,165.578125,152.2253490216581,2.225349021658104
28.906,369.375,164.0625,152.61682256963024,2.6168225696302443
28.906,368.0625,163.125,152.86356508746616,2.8635650874661565
28.969,366.71875,162.1875,153.11328080154414,3.1132808015441356
28.969,365.265625,161.140625,153.43248623427584,3.432486234275842
28.969,363.96875,160.203125,153.73733195397963,3.737331953979634
29.0,363.3125,159.75,153.87831281974078,3.878312819740785
29.078,361.140625,158.46875,154.17285997202336,4.17285997202336
29.094,359.46875,157.625,154.29573179956242,4.295731799562418
29.094,357.828125,156.78125,154.45291318903028,4.4529131890302835
29.094,356.15625,156.0625,154.50413690355512,4.504136903555121
29.094,354.515625,155.46875,154.47082441582012,4.470824415820118
29.172,352.859375,154.890625,154.4371854129738,4.437185412973804
29.203,350.265625,154.09375,154.32195840418538,4.321958404185381
29.203,348.59375,153.640625,154.215495944646,4.215495944645994
29.203,346.90625,153.1875,154.1236725662625,4.123672566262513
29.281,345.03125,152.8125,153.92197254717243,3.9219725471724303
29.281,342.40625,152.265625,153.70014832687417,3.700148326874171
29.281,340.5625,151.9375,153.51814326814926,3.5181432681492595
29.281,338.671875,151.53125,153.42256562376386,3.422565623763859
29.281,336.90625,151.203125,153.30551620482586,3.3055162048258637
29.312,335.0,151.078125,152.9794916108549,2.9794916108548932
29.359,333.171875,151.0,152.64787352274394,2.647873522743936
29.359,331.4375,150.953125,152.3262530016268,2.32625300162681
29.359,329.6875,150.890625,152.03602655009314,2.0360265500931405
29.391,328.0,150.859375,151.74625539165908,1.7462553916590764
29.484,326.390625,150.828125,151.48832753353062,1.4883275335306223
29.484,324.671875,150.734375,151.29087289937965,1.29087289937965
29.484,322.984375,150.6875,151.0711890149496,1.0711890149495957
29.484,321.390625,150.515625,151.0070766786486,1.0070766786485876
29.594,318.921875,150.25,150.94071635418862,0.9407163541886234
29.594,317.203125,150.03125,150.95222252861376,0.9522225286137598
29.594,315.515625,149.828125,150.97127759993373,0.9712775999337282
29.594,313.921875,149.609375,151.0336343050986,1.0336343050985874
29.594,312.453125,149.390625,151.12334088470996,1.123340884709961
29.594,310.984375,149.140625,151.25874361348917,1.2587436134891732
29.687,308.890625,148.78125,151.47987841443867,1.479878414438673
29.687,307.4375,148.5625,151.62002774204996,1.620027742049956
29.687,306.0,148.3125,151.80611863903906,1.806118639039056
29.687,305.28125,148.1875,151.90433422984515,1.9043342298451478
29.703,303.296875,147.921875,152.11385698969457,2.1138569896945683
29.797,301.859375,147.921875,152.08949134935736,2.0894913493573597
29.797,301.15625,147.96875,152.03564677609327,2.035646776093273
29.797,298.15625,147.890625,152.1205488320139,2.1205488320138954
29.797,297.265625,147.875,152.14957256476478,2.1495725647647816
29.828,294.828125,147.828125,152.25973805320712,2.2597380532071156
29.906,293.234375,147.890625,152.25976370837847,2.259763708378472
29.906,291.53125,147.859375,152.37614479292068,2.376144792920684
29.906,289.921875,147.859375,152.47405805220194,2.47405805220194
29.906,288.0,147.796875,152.6754441937721,2.6754441937721083
30.0,286.234375,147.8125,152.8087942099231,2.808794209923093
30.0,283.53125,147.875,153.0138403921766,3.013840392176604
30.0,281.609375,148.234375,152.8758320321798,2.875832032179801
30.0,279.875,148.671875,152.66046325429392,2.6604632542939157
30.016,278.234375,149.34375,152.22039316630057,2.2203931663005676
30.094,276.59375,149.953125,151.86150676299812,1.8615067629981183
30.094,274.921875,150.625,151.46551745699622,1.4655174569962242
30.094,272.390625,151.59375,150.95261715834252,0.9526171583425196
30.109,270.640625,152.046875,150.8379928852683,0.8379928852683065
30.125,268.828125,152.5,150.7578714064895,0.7578714064894996
30.203,267.015625,152.78125,150.86858303073944,0.868583030739444
30.203,265.09375,152.96875,151.11794984589025,1.1179498458902515
30.203,263.203125,153.046875,151.49003583414736,1.4900358341473634
30.203,261.203125,153.171875,151.8673625265852,1.8673625265851967
30.297,259.4375,153.234375,152.2677414552755,2.2677414552755124
30.297,257.625,153.1875,152.80559800363991,2.805598003639915
30.297,255.6875,153.15625,153.3841079457468,3.3841079457467913
30.297,252.8125,153.65625,153.7633029051877,3.763302905187686
30.312,251.03125,154.15625,153.84517506449464,3.84517506449464
30.328,249.265625,154.75,153.85557938092666,3.855579380926656
30.406,247.484375,155.40625,153.8351176038915,3.83511760389149
30.406,245.828125,156.171875,153.6916444769567,3.6916444769566965
30.406,244.234375,156.953125,153.53245057285528,3.532450572855282
30.422,242.703125,157.828125,153.28331261354333,3.2833126135433304
30.437,241.09375,158.765625,153.0264518660193,3.0264518660193005
30.5,239.578125,159.75,152.71170707747206,2.711707077472056
30.5,237.1875,161.171875,152.3766991612091,2.3766991612091033
30.5,235.640625,162.15625,152.12832926333323,2.128329263333228
30.531,234.078125,163.125,151.92254351647625,1.922543516476253
30.609,232.65625,164.109375,151.6622650066691,1.662265006669088
30.609,230.515625,165.359375,151.51295743114267,1.5129574311426666
30.609,228.9375,166.21875,151.48366828741803,1.483668287418027
30.625,227.375,167.0,151.53676327875027,1.5367632787502714
30.641,225.640625,167.609375,151.843979921106,1.843979921106012
30.703,223.234375,168.53125,152.2399205471519,2.239920547151911
30.719,221.546875,169.140625,152.57479755076278,2.5747975507627814
30.719,219.953125,169.8125,152.8276393638128,2.827639363812807
30.734,218.359375,170.609375,152.99387402207074,2.9938740220707416
30.812,216.921875,171.53125,152.99083168634036,2.990831686340357
30.812,215.4375,172.5,152.9936809356844,2.9936809356844094
30.812,214.015625,173.65625,152.8268821516788,2.8268821516788023
30.812,212.59375,174.765625,152.7203366310562,2.720336631056199
30.828,211.359375,175.828125,152.56413386312738,2.564133863127381
30.906,210.03125,177.09375,152.31652000234578,2.316520002345783
30.922,208.28125,179.03125,151.80832512785653,1.8083251278565342
30.922,207.078125,180.3125,151.5241647717143,1.524164771714311
30.922,205.890625,181.78125,151.10343250387507,1.1034325038750694
30.937,204.734375,183.234375,150.6975463910453,0.6975463910453072
31.016,203.640625,184.609375,150.33338115096478,0.33338115096478305
31.016,202.375,185.859375,150.19561544995454,0.19561544995454483
31.016,200.390625,187.578125,150.2022155842125,0.20221558421249597
31.031,199.015625,188.765625,150.23624787574153,0.23624787574152606
31.109,197.59375,189.796875,150.43858813093178,0.43858813093177673
31.109,196.140625,190.796875,150.70531604809517,0.7053160480951703
31.109,193.9375,192.109375,151.29322810073367,1.2932281007336712
31.109,192.53125,193.0,151.6526696981049,1.6526696981048872
31.141,191.109375,193.921875,152.01886993530195,2.01886993530195
31.219,189.875,195.0,152.15950717914407,2.1595071791440716
31.219,188.59375,196.15625,152.29864396351334,2.298643963513342
31.219,187.296875,197.453125,152.37406589387595,2.374065893875951
31.219,186.21875,198.734375,152.31841536138407,2.3184153613840692
31.25,185.171875,200.109375,152.19604217556463,2.196042175564628
31.328,183.9375,201.4375,152.26644512991035,2.266445129910352
31.328,182.421875,203.59375,152.0486123500577,2.0486123500577094
31.328,181.3125,205.015625,152.0156378481853,2.0156378481852926
31.328,180.296875,206.484375,151.9013174857488,1.9013174857487911
31.437,179.359375,208.0625,151.6794788580203,1.6794788580203033
31.437,178.421875,209.65625,151.47024012187387,1.4702401218738714
31.437,177.5,211.234375,151.27982741145834,1.2798274114583421
31.437,176.328125,213.640625,150.83989630202697,0.8398963020269719
31.531,175.40625,215.34375,150.63294195867317,0.6329419586731717
31.531,174.6875,216.953125,150.3329840837187,0.33298408371871346
31.531,174.046875,218.5625,149.98751982586958,-0.012480174130416799
31.531,172.875,221.078125,149.63097265778774,-0.36902734221226297
31.531,172.1875,222.734375,149.35197341478494,-0.6480265852150637
31.547,171.328125,224.390625,149.2421823879102,-0.7578176120898092
31.625,170.59375,225.984375,149.07813482601372,-0.9218651739862764
31.625,169.921875,227.515625,148.91038655062397,-1.0896134493760314
31.625,169.15625,229.046875,148.8436524052273,-1.1563475947727113
31.625,168.265625,230.5625,148.91444511158286,-1.0855548884171355
31.656,167.359375,232.0,149.05547759270917,-0.9445224072908331
31.719,166.34375,233.328125,149.36241856664657,-0.6375814333534322
31.719,165.328125,234.59375,149.71470019700178,-0.28529980299822455
31.719,163.90625,236.484375,150.18569641681302,0.18569641681301619
31.766,163.109375,237.78125,150.36693806968714,0.36693806968713716
31.844,162.40625,239.203125,150.427058898418,0.4270588984180108
31.844,161.71875,240.5625,150.51418706491592,0.5141870649159159
31.844,161.046875,241.984375,150.578164723197,0.5781647231970055
31.844,160.125,244.109375,150.62794424638022,0.6279442463802241
31.937,159.46875,245.578125,150.70093797013382,0.7009379701338219
31.937,158.828125,247.0625,150.7709428148064,0.7709428148064035
31.937,158.328125,248.484375,150.74740390851264,0.7474039085126378
31.937,157.71875,250.03125,150.800630231193,0.8006302311929971
31.953,157.34375,251.546875,150.66025018673017,0.6602501867301669
32.031,156.96875,253.234375,150.48243139384454,0.4824313938445357
32.031,156.765625,254.859375,150.17910043355317,0.17910043355317384
32.031,156.71875,256.453125,149.75261908837564,-0.2473809116243615
32.031,156.640625,259.0625,149.0898698994691,-0.9101301005308926
32.062,156.546875,260.703125,148.7381708137869,-1.261829186213106
32.156,156.546875,262.34375,148.31315597858514,-1.6868440214148563
32.156,156.484375,263.953125,147.97334833140138,-2.0266516685986176
32.156,156.375,265.640625,147.67771421372495,-2.322285786275046
32.156,156.125,268.078125,147.37374843748674,-2.6262515625132608
32.172,155.96875,269.796875,147.16395528908606,-2.8360447109139386
32.344,155.6875,271.515625,147.09676160742163,-2.9032383925783734
32.344,155.53125,273.125,146.94721961154113,-3.0527803884588707
32.344,155.28125,274.9375,146.87288894759476,-3.1271110524052403
32.344,155.15625,276.640625,146.71527634998725,-3.284723650012751
32.344,154.859375,279.1875,146.62524060215767,-3.3747593978423254
32.344,154.71875,280.9375,146.52651810444587,-3.47348189555413
32.344,154.4375,282.609375,146.59766452485056,-3.4023354751494423
32.344,154.1875,284.3125,146.65395600698946,-3.3460439930105395
32.375,153.859375,286.09375,146.80076997227613,-3.199230027723871
32.375,153.46875,287.765625,147.04110703542437,-2.9588929645756252
32.453,153.0625,289.28125,147.32793525944936,-2.6720647405506384
32.453,152.640625,290.796875,147.6464795047828,-2.3535204952171966
32.453,152.28125,292.234375,147.92272994101725,-2.077270058982748
32.469,152.0625,293.859375,148.06488841599355,-1.9351115840064494
32.484,152.03125,295.453125,148.03859310608206,-1.961406893917939
32.562,151.890625,297.28125,148.13432608431148,-1.865673915688518
32.562,151.84375,300.078125,148.15627059823734,-1.8437294017626584
32.562,151.828125,301.015625,148.17535569438073,-1.8246443056192732
32.578,151.75,303.546875,148.2924233474712,-1.707576652528786
32.641,151.6875,305.265625,148.40594483675721,-1.5940551632427855
32.656,151.5625,307.03125,148.60393629649417,-1.3960637035058312
32.656,151.40625,309.9375,148.9256742315189,-1.0743257684810885
32.656,151.25,311.6875,149.20844532482067,-0.7915546751793272
32.672,151.1875,312.484375,149.33525965220213,-0.6647403477978742
32.734,150.984375,314.90625,149.75931618167573,-0.24068381832427121
32.734,151.03125,317.296875,149.96956478341906,-0.030435216580940505
32.734,151.0625,318.78125,150.11700189456388,0.11700189456388443
32.766,151.296875,320.484375,150.1073915698566,0.10739156985658838
32.797,151.40625,321.96875,150.20894951907826,0.20894951907825998
32.875,151.640625,323.59375,150.22373044713385,0.22373044713384616
32.875,151.96875,325.25,150.16928273306263,0.1692827330626301
32.875,152.28125,327.03125,150.1716270742413,0.17162707424128598
32.875,152.6875,328.8125,150.1037401682583,0.10374016825829813
32.969,153.546875,331.4375,149.78929944597385,-0.21070055402614685
32.969,154.203125,333.328125,149.5576566939361,-0.44234330606388994
32.969,155.109375,335.25,149.11691960636333,-0.8830803936366749
32.969,155.8125,337.15625,148.8980257435017,-1.1019742564982948
32.984,156.609375,339.0,148.59970167497184,-1.4002983250281602
33.078,157.375,340.84375,148.35802148540031,-1.6419785145996855
33.078,158.09375,342.828125,148.2283106564941,-1.7716893435058978
33.078,158.703125,344.75,148.21393114267505,-1.786068857324949
33.078,159.28125,346.78125,148.29110544171218,-1.7088945582878239
33.156,160.15625,349.90625,148.4820130626097,-1.5179869373903045
33.156,160.5625,352.015625,148.8235251913844,-1.176474808615609
33.156,161.046875,354.0,149.07706378670605,-0.9229362132939514
33.156,161.578125,356.0,149.32051258455962,-0.6794874154403772
33.172,162.234375,358.09375,149.51338141017052,-0.4866185898294759
33.25,162.921875,359.9375,149.60921181453242,-0.390788185467585
33.25,163.65625,361.671875,149.64303635678516,-0.35696364321484
33.25,164.515625,363.125,149.4683294017185,-0.5316705982814938
33.25,165.5,364.578125,149.19981309812565,-0.8001869018743548
33.266,166.515625,365.9375,148.8819407295278,-1.1180592704722017
33.375,167.984375,367.9375,148.47097073297064,-1.5290292670293582
33.375,169.0625,369.109375,148.05652508126963,-1.9434749187303737
33.375,170.1875,370.296875,147.62430623381647,-2.375693766183531
33.375,171.859375,371.921875,146.94480555265045,-3.0551944473495496
33.391,172.828125,372.96875,146.6189764920562,-3.3810235079438087
33.469,173.875,374.234375,146.3497798311997,-3.6502201688003026
33.469,174.953125,375.578125,146.11219636218343,-3.8878036378165746
33.469,175.84375,376.90625,146.04569731123544,-3.9543026887645567
33.469,176.78125,378.28125,145.98224019765212,-4.017759802347882
33.484,177.84375,379.703125,145.85862178434337,-4.14137821565663
33.562,178.75,381.1875,145.92111792420587,-4.078882075794127
33.562,179.78125,382.8125,145.98101934091466,-4.018980659085344
33.562,180.6875,384.453125,146.17729980580305,-3.8227001941969547
33.578,182.109375,386.875,146.4427024057212,-3.5572975942787934
33.687,182.9375,388.53125,146.76992584590516,-3.2300741540948366
33.687,183.796875,390.28125,147.1525411310594,-2.847458868940606
33.687,184.703125,392.125,147.58179091529425,-2.418209084705751
33.687,185.578125,394.0,148.08229292699255,-1.917707073007449
33.687,186.484375,395.828125,148.55580318572632,-1.4441968142736812
33.719,187.453125,397.5625,148.94710631131989,-1.0528936886801148
